time,RIV01,RIV02,RIV03,RIV04,RIV05,RIV06,RIV07,RIV08,RIV09,RIV10,RIV11,RIV12,RIV13
30.40000000000,-18561.,-0.36173E+06,-0.23315E+06,-0.25480E+06,-64263.,-0.54899E+06,-0.26770E+06,-0.31153E+06,-0.12503E+06,-0.11711E+06,-0.18619E+06,-0.12908E+06,-0.50709E+06
61.40000000000,-10540.,-0.33536E+06,-0.20578E+06,-0.15523E+06,-36562.,-0.50597E+06,-0.25264E+06,-0.20155E+06,-93348.,-0.10626E+06,-0.18559E+06,-0.12803E+06,-0.50690E+06
89.40000000000,157.57,-0.30005E+06,-0.11193E+06,-0.12584E+06,-12499.,-0.45657E+06,-0.22401E+06,-0.18485E+06,-83812.,-0.10445E+06,-0.18504E+06,-0.12805E+06,-0.50702E+06
120.4000000000,8994.9,-0.25500E+06,9833.1,32140.,-3945.7,-0.41409E+06,-0.19878E+06,-0.18202E+06,-79222.,-0.10349E+06,-0.18442E+06,-0.12811E+06,-0.50709E+06
150.4000000000,-5848.4,-0.26008E+06,-74540.,-84450.,-39420.,-0.43097E+06,-0.20925E+06,-0.27880E+06,-92501.,-0.10455E+06,-0.18388E+06,-0.12844E+06,-0.50597E+06
181.4000000000,-29377.,-0.30468E+06,-0.21479E+06,-0.34953E+06,-79727.,-0.48222E+06,-0.23653E+06,-0.39440E+06,-0.11997E+06,-0.11049E+06,-0.18383E+06,-0.12861E+06,-0.50577E+06
211.4000000000,-42535.,-0.33956E+06,-0.26993E+06,-0.50247E+06,-93301.,-0.51762E+06,-0.25681E+06,-0.45372E+06,-0.12572E+06,-0.11103E+06,-0.18372E+06,-0.12851E+06,-0.50467E+06
242.4000000000,-49223.,-0.38396E+06,-0.34633E+06,-0.62782E+06,-0.11679E+06,-0.58829E+06,-0.30144E+06,-0.46823E+06,-0.13307E+06,-0.11920E+06,-0.18415E+06,-0.12681E+06,-0.50434E+06
273.4000000000,-40491.,-0.40498E+06,-0.30036E+06,-0.55706E+06,-0.10509E+06,-0.59917E+06,-0.30713E+06,-0.46313E+06,-0.12698E+06,-0.11577E+06,-0.18424E+06,-0.12559E+06,-0.50386E+06
303.4000000000,-31134.,-0.40994E+06,-0.30803E+06,-0.46474E+06,-81176.,-0.59162E+06,-0.29986E+06,-0.38191E+06,-0.11981E+06,-0.11563E+06,-0.18429E+06,-0.12706E+06,-0.50504E+06
334.4000000000,-29324.,-0.38829E+06,-0.23916E+06,-0.26104E+06,-65405.,-0.56499E+06,-0.28458E+06,-0.30734E+06,-93870.,-98053.,-0.18342E+06,-0.12651E+06,-0.50347E+06
364.4000000000,-9477.0,-0.34158E+06,-0.11461E+06,-48500.,-37995.,-0.51908E+06,-0.26402E+06,-0.21189E+06,-80523.,-99269.,-0.18288E+06,-0.12655E+06,-0.50460E+06
395.4000000000,-12578.,-0.32429E+06,-0.17619E+06,-95104.,-29311.,-0.47889E+06,-0.24692E+06,-0.19150E+06,-81818.,-99400.,-0.18236E+06,-0.12735E+06,-0.50561E+06
426.4000000000,-10958.,-0.30546E+06,-0.17571E+06,-0.10767E+06,-24385.,-0.44664E+06,-0.23216E+06,-0.18122E+06,-80004.,-99131.,-0.18182E+06,-0.12782E+06,-0.50614E+06
454.4000000000,-8455.9,-0.28687E+06,-0.15524E+06,-93122.,-19478.,-0.41910E+06,-0.21861E+06,-0.17470E+06,-78127.,-98720.,-0.18132E+06,-0.12798E+06,-0.50638E+06
485.4000000000,-7106.0,-0.26962E+06,-0.14496E+06,-90161.,-15314.,-0.39377E+06,-0.20443E+06,-0.17121E+06,-76827.,-98087.,-0.18075E+06,-0.12793E+06,-0.50641E+06
515.4000000000,-20410.,-0.27416E+06,-0.13701E+06,-96830.,-51072.,-0.41605E+06,-0.21292E+06,-0.26718E+06,-87869.,-92456.,-0.17982E+06,-0.12663E+06,-0.50185E+06
546.4000000000,-27344.,-0.30893E+06,-0.21034E+06,-0.27969E+06,-87929.,-0.46417E+06,-0.23743E+06,-0.37926E+06,-0.10973E+06,-99655.,-0.17958E+06,-0.12793E+06,-0.50304E+06
576.4000000000,-34742.,-0.33126E+06,-0.23772E+06,-0.35578E+06,-0.10117E+06,-0.50865E+06,-0.26156E+06,-0.40283E+06,-0.11174E+06,-99639.,-0.17936E+06,-0.12863E+06,-0.50207E+06
607.4000000000,-36718.,-0.35122E+06,-0.23531E+06,-0.39029E+06,-99262.,-0.53627E+06,-0.27622E+06,-0.44504E+06,-0.11281E+06,-0.10079E+06,-0.17921E+06,-0.12665E+06,-0.50208E+06
638.4000000000,-36682.,-0.36688E+06,-0.23653E+06,-0.39984E+06,-90734.,-0.55110E+06,-0.28446E+06,-0.41925E+06,-0.11055E+06,-96682.,-0.17876E+06,-0.12508E+06,-0.50092E+06
668.4000000000,-32424.,-0.37778E+06,-0.23279E+06,-0.33283E+06,-80287.,-0.54620E+06,-0.27983E+06,-0.37837E+06,-0.10090E+06,-90931.,-0.17820E+06,-0.12442E+06,-0.50110E+06
699.4000000000,-23405.,-0.36047E+06,-0.19918E+06,-0.17169E+06,-53177.,-0.50895E+06,-0.26049E+06,-0.27373E+06,-84205.,-86920.,-0.17747E+06,-0.12417E+06,-0.50082E+06
729.4000000000,-12475.,-0.33083E+06,-0.17021E+06,-0.10390E+06,-30993.,-0.46828E+06,-0.24136E+06,-0.20021E+06,-73788.,-89877.,-0.17704E+06,-0.12485E+06,-0.50249E+06
760.4000000000,-9150.5,-0.30491E+06,-0.14940E+06,-84698.,-24646.,-0.43986E+06,-0.22698E+06,-0.18410E+06,-71962.,-90885.,-0.17664E+06,-0.12595E+06,-0.50376E+06
791.4000000000,-7780.2,-0.28384E+06,-0.14361E+06,-89110.,-22551.,-0.41881E+06,-0.21608E+06,-0.17566E+06,-71073.,-91204.,-0.17622E+06,-0.12658E+06,-0.50445E+06
820.4000000000,-7203.1,-0.26666E+06,-0.13706E+06,-74812.,-18795.,-0.39312E+06,-0.20312E+06,-0.16950E+06,-70391.,-91193.,-0.17581E+06,-0.12682E+06,-0.50477E+06
851.4000000000,-6972.8,-0.25101E+06,-0.12944E+06,-65774.,-17320.,-0.37077E+06,-0.19278E+06,-0.16607E+06,-69909.,-91010.,-0.17535E+06,-0.12686E+06,-0.50492E+06
881.4000000000,-18161.,-0.26669E+06,-0.12882E+06,-6094.3,-44770.,-0.38645E+06,-0.19847E+06,-0.26662E+06,-89185.,-92851.,-0.17494E+06,-0.12758E+06,-0.50480E+06
912.4000000000,-27828.,-0.29530E+06,-0.18149E+06,-0.16798E+06,-79274.,-0.43644E+06,-0.22297E+06,-0.36355E+06,-0.10006E+06,-91065.,-0.17453E+06,-0.12676E+06,-0.50254E+06
942.4000000000,-34406.,-0.31760E+06,-0.22194E+06,-0.27949E+06,-93894.,-0.48054E+06,-0.24776E+06,-0.39604E+06,-0.10133E+06,-90586.,-0.17420E+06,-0.12564E+06,-0.50071E+06
973.4000000000,-37175.,-0.32946E+06,-0.21484E+06,-0.30593E+06,-88231.,-0.50992E+06,-0.26413E+06,-0.38384E+06,-98351.,-90324.,-0.17388E+06,-0.12412E+06,-0.50036E+06
1004.400000000,-35353.,-0.34314E+06,-0.21770E+06,-0.31850E+06,-78331.,-0.51786E+06,-0.26913E+06,-0.35985E+06,-98422.,-89417.,-0.17353E+06,-0.12286E+06,-0.50016E+06
1034.400000000,-29527.,-0.34964E+06,-0.21796E+06,-0.23808E+06,-65189.,-0.50737E+06,-0.26342E+06,-0.31079E+06,-91681.,-86585.,-0.17318E+06,-0.12323E+06,-0.50095E+06
1065.400000000,-23580.,-0.33554E+06,-0.18010E+06,-0.10433E+06,-47765.,-0.47402E+06,-0.24476E+06,-0.25238E+06,-74122.,-80048.,-0.17244E+06,-0.12297E+06,-0.49979E+06
1095.400000000,-10790.,-0.30755E+06,-0.14877E+06,-88698.,-25449.,-0.44279E+06,-0.22691E+06,-0.18912E+06,-66521.,-83836.,-0.17208E+06,-0.12364E+06,-0.50128E+06
1126.400000000,-8476.0,-0.28470E+06,-0.13550E+06,-75220.,-24285.,-0.42420E+06,-0.21610E+06,-0.17647E+06,-66112.,-85072.,-0.17174E+06,-0.12475E+06,-0.50246E+06
1157.400000000,-7428.0,-0.26515E+06,-0.12656E+06,-71047.,-21213.,-0.40186E+06,-0.20428E+06,-0.16894E+06,-65647.,-85539.,-0.17139E+06,-0.12539E+06,-0.50309E+06
1185.400000000,-7422.6,-0.25006E+06,-0.12198E+06,-59562.,-14717.,-0.37539E+06,-0.19083E+06,-0.16397E+06,-65403.,-85657.,-0.17105E+06,-0.12564E+06,-0.50337E+06
1216.400000000,-5283.9,-0.23428E+06,-0.11419E+06,-60778.,-6033.1,-0.34780E+06,-0.17270E+06,-0.16236E+06,-64244.,-85609.,-0.17066E+06,-0.12568E+06,-0.50349E+06
1246.400000000,-2294.6,-0.21955E+06,-30711.,0.13187E+06,-27005.,-0.35408E+06,-0.17232E+06,-0.25025E+06,-69166.,-87638.,-0.17037E+06,-0.12586E+06,-0.50296E+06
1277.400000000,-29775.,-0.26342E+06,-0.17835E+06,-0.22894E+06,-77314.,-0.41371E+06,-0.20095E+06,-0.40407E+06,-96681.,-90964.,-0.17032E+06,-0.12550E+06,-0.50233E+06
1307.400000000,-37785.,-0.29166E+06,-0.22610E+06,-0.36888E+06,-94277.,-0.46625E+06,-0.23065E+06,-0.44261E+06,-98888.,-91981.,-0.17035E+06,-0.12528E+06,-0.50139E+06
1338.400000000,-36248.,-0.30978E+06,-0.22726E+06,-0.41106E+06,-0.10628E+06,-0.51667E+06,-0.26018E+06,-0.45554E+06,-0.10279E+06,-98404.,-0.17079E+06,-0.12318E+06,-0.50070E+06
1369.400000000,-30960.,-0.33355E+06,-0.22891E+06,-0.43662E+06,-97882.,-0.53492E+06,-0.26902E+06,-0.44441E+06,-0.10791E+06,-0.10145E+06,-0.17116E+06,-0.12252E+06,-0.50064E+06
1399.400000000,-27499.,-0.34592E+06,-0.22821E+06,-0.36348E+06,-87258.,-0.54189E+06,-0.27030E+06,-0.39483E+06,-99356.,-93660.,-0.17117E+06,-0.12306E+06,-0.50077E+06
1430.400000000,-17604.,-0.32529E+06,-0.19359E+06,-0.22114E+06,-56239.,-0.51175E+06,-0.25405E+06,-0.27891E+06,-72351.,-82301.,-0.17057E+06,-0.12379E+06,-0.49932E+06
1460.400000000,-10755.,-0.29992E+06,-0.16071E+06,-0.10466E+06,-32583.,-0.46811E+06,-0.23305E+06,-0.20109E+06,-68020.,-84005.,-0.17024E+06,-0.12360E+06,-0.50054E+06
1491.400000000,-8593.7,-0.27726E+06,-0.13943E+06,-56171.,-26640.,-0.43305E+06,-0.21805E+06,-0.18346E+06,-67191.,-84547.,-0.16994E+06,-0.12457E+06,-0.50174E+06
1522.400000000,-7306.4,-0.25829E+06,-0.13010E+06,-58779.,-21803.,-0.40273E+06,-0.20379E+06,-0.17402E+06,-66448.,-84665.,-0.16962E+06,-0.12520E+06,-0.50240E+06
1550.400000000,-6392.8,-0.24357E+06,-0.12574E+06,-59002.,-20085.,-0.38460E+06,-0.19556E+06,-0.16817E+06,-65763.,-84592.,-0.16931E+06,-0.12547E+06,-0.50270E+06
1581.400000000,-8143.8,-0.23201E+06,-0.12518E+06,-57053.,-15964.,-0.36557E+06,-0.18751E+06,-0.16483E+06,-66903.,-84519.,-0.16896E+06,-0.12555E+06,-0.50285E+06
1611.400000000,-19443.,-0.24986E+06,-0.15541E+06,-0.12766E+06,-54443.,-0.39615E+06,-0.19750E+06,-0.29308E+06,-92847.,-93910.,-0.16905E+06,-0.12696E+06,-0.50351E+06
1642.400000000,-23078.,-0.28201E+06,-0.21633E+06,-0.29188E+06,-77325.,-0.44333E+06,-0.21929E+06,-0.34772E+06,-0.10124E+06,-91525.,-0.16891E+06,-0.12644E+06,-0.50218E+06
1672.400000000,-31188.,-0.30750E+06,-0.22174E+06,-0.33046E+06,-80891.,-0.46298E+06,-0.22818E+06,-0.37308E+06,-99045.,-83209.,-0.16836E+06,-0.12459E+06,-0.49757E+06
1703.400000000,-33416.,-0.33026E+06,-0.22703E+06,-0.36466E+06,-0.10244E+06,-0.51681E+06,-0.25995E+06,-0.41094E+06,-0.10250E+06,-87452.,-0.16830E+06,-0.12332E+06,-0.49802E+06
1734.400000000,-29066.,-0.34775E+06,-0.23064E+06,-0.39886E+06,-92001.,-0.52595E+06,-0.26470E+06,-0.39871E+06,-0.10384E+06,-89815.,-0.16832E+06,-0.12278E+06,-0.49873E+06
1764.400000000,-25265.,-0.35307E+06,-0.22341E+06,-0.32822E+06,-80227.,-0.52144E+06,-0.26059E+06,-0.35508E+06,-94305.,-84372.,-0.16807E+06,-0.12157E+06,-0.49762E+06
1795.400000000,-15335.,-0.33453E+06,-0.19444E+06,-0.18034E+06,-55136.,-0.49047E+06,-0.24409E+06,-0.26830E+06,-76904.,-77471.,-0.16748E+06,-0.12153E+06,-0.49621E+06
1825.400000000,-9272.5,-0.30677E+06,-0.15848E+06,-81714.,-31386.,-0.44994E+06,-0.22509E+06,-0.19486E+06,-68053.,-80194.,-0.16719E+06,-0.12236E+06,-0.49835E+06
1856.400000000,-7705.2,-0.28302E+06,-0.13997E+06,-61614.,-25947.,-0.42001E+06,-0.21150E+06,-0.17860E+06,-66285.,-81146.,-0.16695E+06,-0.12369E+06,-0.50000E+06
1887.400000000,-7799.8,-0.26340E+06,-0.13049E+06,-60022.,-18177.,-0.38572E+06,-0.19361E+06,-0.16989E+06,-65733.,-81514.,-0.16668E+06,-0.12448E+06,-0.50087E+06
1915.400000000,-5680.6,-0.24756E+06,-0.12740E+06,-53170.,-18756.,-0.36896E+06,-0.18678E+06,-0.16513E+06,-64360.,-81605.,-0.16643E+06,-0.12482E+06,-0.50128E+06
1946.400000000,-6560.8,-0.23322E+06,-0.12264E+06,-61133.,-18345.,-0.35487E+06,-0.18031E+06,-0.16112E+06,-64382.,-81567.,-0.16612E+06,-0.12490E+06,-0.50147E+06
1976.400000000,-16324.,-0.24453E+06,-0.13554E+06,-28364.,-52002.,-0.38364E+06,-0.19159E+06,-0.26420E+06,-84023.,-82992.,-0.16583E+06,-0.12558E+06,-0.50147E+06
2007.400000000,-23565.,-0.27935E+06,-0.21208E+06,-0.20069E+06,-72136.,-0.41638E+06,-0.20347E+06,-0.33455E+06,-99162.,-83764.,-0.16566E+06,-0.12587E+06,-0.50016E+06
2037.400000000,-30722.,-0.30866E+06,-0.21480E+06,-0.30052E+06,-91827.,-0.45540E+06,-0.22170E+06,-0.38155E+06,-0.10282E+06,-83140.,-0.16551E+06,-0.12489E+06,-0.49808E+06
2068.400000000,-33846.,-0.32366E+06,-0.19970E+06,-0.35004E+06,-88257.,-0.48110E+06,-0.23777E+06,-0.38362E+06,-97618.,-80204.,-0.16517E+06,-0.12229E+06,-0.49566E+06
2099.400000000,-32929.,-0.33808E+06,-0.19120E+06,-0.36626E+06,-85774.,-0.50343E+06,-0.25253E+06,-0.35678E+06,-94797.,-76541.,-0.16477E+06,-0.12058E+06,-0.49466E+06
2129.400000000,-28795.,-0.34827E+06,-0.18550E+06,-0.31038E+06,-70693.,-0.49417E+06,-0.24953E+06,-0.31796E+06,-93657.,-78780.,-0.16465E+06,-0.12099E+06,-0.49527E+06
2160.400000000,-24241.,-0.34665E+06,-0.16957E+06,-0.15392E+06,-54203.,-0.47237E+06,-0.23660E+06,-0.26738E+06,-81860.,-72949.,-0.16413E+06,-0.12065E+06,-0.49454E+06
2190.400000000,-11757.,-0.31663E+06,-0.14532E+06,-84149.,-26785.,-0.43307E+06,-0.21568E+06,-0.19058E+06,-65546.,-76103.,-0.16391E+06,-0.12128E+06,-0.49679E+06
2221.400000000,-9128.4,-0.29120E+06,-0.12972E+06,-63667.,-22014.,-0.40495E+06,-0.20157E+06,-0.17569E+06,-63344.,-77345.,-0.16371E+06,-0.12259E+06,-0.49845E+06
2252.400000000,-7580.6,-0.26976E+06,-0.12328E+06,-54052.,-17938.,-0.37429E+06,-0.18618E+06,-0.16786E+06,-62422.,-77927.,-0.16350E+06,-0.12340E+06,-0.49934E+06
2281.400000000,-6525.3,-0.25241E+06,-0.11864E+06,-59056.,-17087.,-0.35807E+06,-0.17892E+06,-0.16297E+06,-61776.,-78176.,-0.16328E+06,-0.12376E+06,-0.49977E+06
2312.400000000,-7368.2,-0.23840E+06,-0.12107E+06,-59130.,-15578.,-0.33647E+06,-0.16825E+06,-0.15993E+06,-61990.,-78218.,-0.16302E+06,-0.12386E+06,-0.49994E+06
2342.400000000,-18621.,-0.24742E+06,-0.10235E+06,36444.,-52880.,-0.36936E+06,-0.18449E+06,-0.27115E+06,-79393.,-76047.,-0.16257E+06,-0.12354E+06,-0.49704E+06
2373.400000000,-26610.,-0.26756E+06,-0.13126E+06,-0.10182E+06,-80854.,-0.41185E+06,-0.20515E+06,-0.34980E+06,-86007.,-74136.,-0.16200E+06,-0.12108E+06,-0.49199E+06
2403.400000000,-24382.,-0.27712E+06,-0.17251E+06,-0.24115E+06,-81339.,-0.44220E+06,-0.22331E+06,-0.33803E+06,-83002.,-72792.,-0.16163E+06,-0.12206E+06,-0.49278E+06
2434.400000000,-22109.,-0.28052E+06,-0.16076E+06,-0.26875E+06,-70342.,-0.45123E+06,-0.23015E+06,-0.31823E+06,-79060.,-71167.,-0.16122E+06,-0.12008E+06,-0.49194E+06
2465.400000000,-24821.,-0.28550E+06,-0.14028E+06,-0.10360E+06,-53572.,-0.43802E+06,-0.22231E+06,-0.23649E+06,-70981.,-59266.,-0.16021E+06,-0.11699E+06,-0.48762E+06
2495.400000000,-23182.,-0.29051E+06,-0.14933E+06,-23136.,-47284.,-0.42405E+06,-0.21787E+06,-0.24058E+06,-71446.,-62881.,-0.15960E+06,-0.11696E+06,-0.48856E+06
2526.400000000,-18070.,-0.29022E+06,-0.15490E+06,-40847.,-42906.,-0.40629E+06,-0.20697E+06,-0.23566E+06,-68320.,-67050.,-0.15934E+06,-0.11872E+06,-0.49212E+06
2556.400000000,-8811.7,-0.26739E+06,-0.12885E+06,-55467.,-23171.,-0.37658E+06,-0.19108E+06,-0.17422E+06,-56931.,-70354.,-0.15920E+06,-0.11981E+06,-0.49469E+06
2587.400000000,-6972.2,-0.24817E+06,-0.11371E+06,-61791.,-17342.,-0.35706E+06,-0.17882E+06,-0.16321E+06,-55805.,-71900.,-0.15907E+06,-0.12095E+06,-0.49623E+06
2618.400000000,-5730.9,-0.23175E+06,-0.10737E+06,-62679.,-15934.,-0.34469E+06,-0.17074E+06,-0.15826E+06,-55473.,-72744.,-0.15892E+06,-0.12159E+06,-0.49702E+06
2646.400000000,-5594.0,-0.21912E+06,-0.10470E+06,-58461.,-16296.,-0.33464E+06,-0.16511E+06,-0.15474E+06,-55571.,-73186.,-0.15876E+06,-0.12186E+06,-0.49739E+06
2677.400000000,-3407.6,-0.20503E+06,-94479.,-49352.,-2947.4,-0.30768E+06,-0.14721E+06,-0.15230E+06,-54860.,-73493.,-0.15856E+06,-0.12194E+06,-0.49758E+06
2707.400000000,-2156.4,-0.19897E+06,-0.10593E+06,8785.7,-19294.,-0.31306E+06,-0.14682E+06,-0.20346E+06,-61850.,-76819.,-0.15855E+06,-0.12317E+06,-0.49795E+06
2738.400000000,-9286.0,-0.20390E+06,-50802.,45358.,-55273.,-0.34702E+06,-0.15761E+06,-0.32892E+06,-81517.,-78335.,-0.15850E+06,-0.12329E+06,-0.49694E+06
2768.400000000,-32857.,-0.25832E+06,-0.23733E+06,-0.32054E+06,-72324.,-0.39068E+06,-0.17898E+06,-0.36298E+06,-0.10534E+06,-86824.,-0.15909E+06,-0.12337E+06,-0.49664E+06
2799.400000000,-34045.,-0.28628E+06,-0.20952E+06,-0.37009E+06,-0.10296E+06,-0.46670E+06,-0.22436E+06,-0.40526E+06,-0.10601E+06,-89290.,-0.15969E+06,-0.12184E+06,-0.49585E+06
2830.400000000,-32037.,-0.30896E+06,-0.20416E+06,-0.35295E+06,-96812.,-0.49078E+06,-0.23788E+06,-0.41394E+06,-0.10349E+06,-85664.,-0.15998E+06,-0.12076E+06,-0.49490E+06
2860.400000000,-30665.,-0.31809E+06,-0.19228E+06,-0.32154E+06,-93857.,-0.51049E+06,-0.24816E+06,-0.38626E+06,-94106.,-76974.,-0.15974E+06,-0.11931E+06,-0.49355E+06
2891.400000000,-21131.,-0.30900E+06,-0.16278E+06,-0.18100E+06,-67060.,-0.48380E+06,-0.23359E+06,-0.29397E+06,-77331.,-71795.,-0.15931E+06,-0.11873E+06,-0.49294E+06
2921.400000000,-12006.,-0.28331E+06,-0.13450E+06,-43891.,-36100.,-0.44059E+06,-0.21495E+06,-0.19609E+06,-64728.,-73402.,-0.15913E+06,-0.11956E+06,-0.49457E+06
2952.400000000,-8530.5,-0.26070E+06,-0.11637E+06,-16782.,-25470.,-0.40611E+06,-0.19829E+06,-0.17643E+06,-62199.,-74230.,-0.15899E+06,-0.12077E+06,-0.49582E+06
2983.400000000,-7155.7,-0.24219E+06,-0.10910E+06,-25926.,-21857.,-0.38196E+06,-0.18633E+06,-0.16747E+06,-61343.,-74635.,-0.15884E+06,-0.12150E+06,-0.49650E+06
3011.400000000,-6190.2,-0.22812E+06,-0.10773E+06,-29747.,-19847.,-0.36511E+06,-0.17791E+06,-0.16175E+06,-60667.,-74797.,-0.15867E+06,-0.12183E+06,-0.49683E+06
3042.400000000,-6662.2,-0.21563E+06,-0.10688E+06,-15119.,-15514.,-0.33740E+06,-0.16453E+06,-0.15838E+06,-60760.,-74929.,-0.15848E+06,-0.12195E+06,-0.49699E+06
3072.400000000,-17852.,-0.22952E+06,-0.10988E+06,-45585.,-57781.,-0.36762E+06,-0.17996E+06,-0.28126E+06,-84084.,-81581.,-0.15864E+06,-0.12278E+06,-0.49679E+06
3103.400000000,-23666.,-0.26487E+06,-0.18018E+06,-0.20030E+06,-84978.,-0.41420E+06,-0.20030E+06,-0.35131E+06,-97439.,-81395.,-0.15865E+06,-0.12227E+06,-0.49484E+06
3133.400000000,-31609.,-0.28815E+06,-0.18296E+06,-0.27282E+06,-0.10959E+06,-0.47159E+06,-0.22896E+06,-0.39015E+06,-98646.,-82159.,-0.15875E+06,-0.12113E+06,-0.49353E+06
3164.400000000,-32558.,-0.30385E+06,-0.15758E+06,-0.28824E+06,-0.10283E+06,-0.49284E+06,-0.23481E+06,-0.42032E+06,-97930.,-79368.,-0.15879E+06,-0.11971E+06,-0.49105E+06
3195.400000000,-34620.,-0.32330E+06,-0.16584E+06,-0.31971E+06,-0.10997E+06,-0.53028E+06,-0.25237E+06,-0.43325E+06,-97746.,-73009.,-0.15844E+06,-0.11806E+06,-0.48955E+06
3225.400000000,-32937.,-0.33563E+06,-0.17226E+06,-0.17702E+06,-93111.,-0.53848E+06,-0.25686E+06,-0.36466E+06,-89109.,-65564.,-0.15781E+06,-0.11660E+06,-0.48693E+06
3256.400000000,-22405.,-0.32969E+06,-0.15056E+06,-71094.,-61050.,-0.49990E+06,-0.23444E+06,-0.26871E+06,-77480.,-67238.,-0.15742E+06,-0.11697E+06,-0.48838E+06
3286.400000000,-11438.,-0.30186E+06,-0.12704E+06,-47877.,-33093.,-0.45808E+06,-0.21459E+06,-0.19437E+06,-62709.,-70547.,-0.15727E+06,-0.11812E+06,-0.49142E+06
3317.400000000,-8107.9,-0.27641E+06,-0.10806E+06,-38302.,-26009.,-0.42901E+06,-0.20073E+06,-0.17813E+06,-60367.,-72002.,-0.15716E+06,-0.11954E+06,-0.49339E+06
3348.400000000,-6730.0,-0.25674E+06,-0.10993E+06,-59114.,-17991.,-0.39931E+06,-0.18437E+06,-0.16979E+06,-59705.,-72766.,-0.15703E+06,-0.12040E+06,-0.49441E+06
3376.400000000,-6128.8,-0.24009E+06,-99705.,-31200.,-13978.,-0.37046E+06,-0.16882E+06,-0.16510E+06,-59350.,-73152.,-0.15689E+06,-0.12079E+06,-0.49489E+06
3407.400000000,-6276.3,-0.22588E+06,-0.10245E+06,-54198.,-8127.4,-0.34788E+06,-0.15655E+06,-0.16245E+06,-59287.,-73364.,-0.15671E+06,-0.12095E+06,-0.49512E+06
3437.400000000,-8995.7,-0.22051E+06,-66374.,63371.,-22860.,-0.34440E+06,-0.15205E+06,-0.21421E+06,-68161.,-73640.,-0.15647E+06,-0.12165E+06,-0.49457E+06
3468.400000000,-10260.,-0.23612E+06,-75837.,-10930.,-49574.,-0.36931E+06,-0.15697E+06,-0.31504E+06,-88715.,-78764.,-0.15653E+06,-0.12256E+06,-0.49512E+06
3498.400000000,-32443.,-0.28352E+06,-0.20986E+06,-0.32344E+06,-81094.,-0.42231E+06,-0.18052E+06,-0.38067E+06,-0.11005E+06,-88637.,-0.15719E+06,-0.12258E+06,-0.49480E+06
3529.400000000,-33952.,-0.31057E+06,-0.20611E+06,-0.36355E+06,-0.11123E+06,-0.50240E+06,-0.22795E+06,-0.42119E+06,-0.10698E+06,-89792.,-0.15780E+06,-0.12163E+06,-0.49411E+06
3560.400000000,-40142.,-0.33915E+06,-0.22781E+06,-0.35448E+06,-0.11191E+06,-0.54853E+06,-0.25713E+06,-0.41696E+06,-0.10704E+06,-85159.,-0.15802E+06,-0.11987E+06,-0.49308E+06
3590.400000000,-34356.,-0.35089E+06,-0.20267E+06,-0.28759E+06,-98626.,-0.55095E+06,-0.25889E+06,-0.39778E+06,-97452.,-77670.,-0.15794E+06,-0.11895E+06,-0.49240E+06
3621.400000000,-25826.,-0.34140E+06,-0.17350E+06,-0.16230E+06,-72389.,-0.51873E+06,-0.24152E+06,-0.31803E+06,-83198.,-71550.,-0.15751E+06,-0.11832E+06,-0.49050E+06
3651.400000000,-13915.,-0.31223E+06,-0.14546E+06,-57901.,-34970.,-0.46497E+06,-0.21520E+06,-0.20476E+06,-67824.,-73374.,-0.15735E+06,-0.11888E+06,-0.49211E+06
3682.400000000,-5755.6,-0.27862E+06,-88901.,18528.,-15073.,-0.41555E+06,-0.18642E+06,-0.18422E+06,-63335.,-74223.,-0.15722E+06,-0.12006E+06,-0.49345E+06
3713.400000000,-5519.9,-0.25623E+06,-90830.,-15156.,-18150.,-0.40034E+06,-0.18097E+06,-0.17700E+06,-63159.,-74630.,-0.15709E+06,-0.12081E+06,-0.49419E+06
3742.400000000,5908.7,-0.21863E+06,10372.,0.17111E+06,-8307.2,-0.36682E+06,-0.16300E+06,-0.17065E+06,-58312.,-74799.,-0.15694E+06,-0.12116E+06,-0.49454E+06
3773.400000000,5188.9,-0.19370E+06,15199.,0.19722E+06,-9177.5,-0.34924E+06,-0.15568E+06,-0.16805E+06,-59198.,-74856.,-0.15676E+06,-0.12126E+06,-0.49468E+06
3803.400000000,-10812.,-0.20896E+06,-97665.,-39510.,-26834.,-0.34552E+06,-0.15308E+06,-0.24742E+06,-76199.,-79607.,-0.15665E+06,-0.12167E+06,-0.49353E+06
3834.400000000,-25422.,-0.24902E+06,-0.18607E+06,-0.20622E+06,-60468.,-0.38827E+06,-0.16860E+06,-0.35579E+06,-0.10082E+06,-83329.,-0.15674E+06,-0.12219E+06,-0.49367E+06
3864.400000000,-33993.,-0.27848E+06,-0.19828E+06,-0.26432E+06,-81962.,-0.43410E+06,-0.19197E+06,-0.39238E+06,-0.10538E+06,-90545.,-0.15736E+06,-0.12116E+06,-0.49303E+06
3895.400000000,-46401.,-0.32139E+06,-0.26352E+06,-0.37792E+06,-0.11046E+06,-0.50735E+06,-0.24180E+06,-0.42063E+06,-0.11109E+06,-90626.,-0.15800E+06,-0.11970E+06,-0.49246E+06
3926.400000000,-37971.,-0.34341E+06,-0.21578E+06,-0.32612E+06,-0.10644E+06,-0.53717E+06,-0.26038E+06,-0.41995E+06,-0.10894E+06,-88486.,-0.15832E+06,-0.11873E+06,-0.49207E+06
3956.400000000,-33736.,-0.35883E+06,-0.22994E+06,-0.31829E+06,-94068.,-0.54940E+06,-0.26863E+06,-0.38016E+06,-0.10175E+06,-82837.,-0.15851E+06,-0.11923E+06,-0.49229E+06
3987.400000000,-26563.,-0.35711E+06,-0.20882E+06,-0.19974E+06,-68134.,-0.51856E+06,-0.25079E+06,-0.29876E+06,-90102.,-78770.,-0.15837E+06,-0.11996E+06,-0.49246E+06
4017.400000000,-14265.,-0.32563E+06,-0.17129E+06,-95447.,-31470.,-0.46367E+06,-0.22065E+06,-0.20238E+06,-72000.,-77224.,-0.15822E+06,-0.12036E+06,-0.49310E+06
4048.400000000,-7609.4,-0.29377E+06,-0.12244E+06,-75525.,-15475.,-0.43216E+06,-0.19900E+06,-0.18490E+06,-67502.,-77142.,-0.15806E+06,-0.12117E+06,-0.49377E+06
4079.400000000,12524.,-0.23594E+06,56140.,0.18965E+06,-4133.0,-0.39670E+06,-0.17522E+06,-0.17844E+06,-59432.,-77117.,-0.15789E+06,-0.12163E+06,-0.49415E+06
4107.400000000,3806.3,-0.21625E+06,6858.5,0.18544E+06,-10457.,-0.37872E+06,-0.16702E+06,-0.17565E+06,-63973.,-77035.,-0.15771E+06,-0.12179E+06,-0.49432E+06
4138.400000000,-2933.4,-0.20335E+06,-42737.,0.11155E+06,-10750.,-0.35666E+06,-0.15943E+06,-0.17389E+06,-65671.,-77038.,-0.15751E+06,-0.12181E+06,-0.49439E+06
4168.400000000,-12941.,-0.22030E+06,-0.13099E+06,-0.10390E+06,-46433.,-0.37937E+06,-0.17173E+06,-0.29333E+06,-87211.,-87095.,-0.15790E+06,-0.12291E+06,-0.49472E+06
4199.400000000,-28628.,-0.25909E+06,-0.21057E+06,-0.23019E+06,-58118.,-0.39427E+06,-0.18076E+06,-0.35984E+06,-0.10693E+06,-89199.,-0.15837E+06,-0.12305E+06,-0.49409E+06
4229.400000000,-36283.,-0.29559E+06,-0.23860E+06,-0.31033E+06,-82206.,-0.43644E+06,-0.20624E+06,-0.40314E+06,-0.11409E+06,-94236.,-0.15898E+06,-0.12283E+06,-0.49331E+06
4260.400000000,-46481.,-0.33682E+06,-0.30110E+06,-0.44469E+06,-0.11478E+06,-0.51300E+06,-0.25234E+06,-0.44876E+06,-0.11685E+06,-94105.,-0.15975E+06,-0.12257E+06,-0.49268E+06
4291.400000000,-37481.,-0.34888E+06,-0.23144E+06,-0.37483E+06,-0.10862E+06,-0.54511E+06,-0.26952E+06,-0.43679E+06,-0.10383E+06,-85350.,-0.15997E+06,-0.12080E+06,-0.49174E+06
4321.400000000,-32507.,-0.36267E+06,-0.24397E+06,-0.35162E+06,-97654.,-0.56211E+06,-0.27837E+06,-0.39135E+06,-98905.,-81278.,-0.16007E+06,-0.12068E+06,-0.49157E+06
4352.400000000,-31543.,-0.35837E+06,-0.21171E+06,-0.24016E+06,-70309.,-0.52982E+06,-0.25703E+06,-0.31231E+06,-87591.,-77280.,-0.15985E+06,-0.12039E+06,-0.49121E+06
4382.400000000,-18045.,-0.32927E+06,-0.18173E+06,-0.12257E+06,-35279.,-0.47529E+06,-0.22882E+06,-0.20845E+06,-72527.,-77679.,-0.15967E+06,-0.12074E+06,-0.49221E+06
4413.400000000,-10269.,-0.29908E+06,-0.13665E+06,-44924.,-24055.,-0.43645E+06,-0.20908E+06,-0.18684E+06,-68302.,-78140.,-0.15950E+06,-0.12166E+06,-0.49313E+06
4444.400000000,-7835.8,-0.27542E+06,-0.12482E+06,-60828.,-21952.,-0.41859E+06,-0.20058E+06,-0.17752E+06,-67140.,-78350.,-0.15931E+06,-0.12221E+06,-0.49365E+06
4472.400000000,975.32,-0.24578E+06,-66096.,44342.,-19352.,-0.39936E+06,-0.18965E+06,-0.17107E+06,-63331.,-78387.,-0.15912E+06,-0.12243E+06,-0.49389E+06
4503.400000000,926.05,-0.22347E+06,-59252.,90690.,-15271.,-0.37663E+06,-0.17184E+06,-0.16819E+06,-63702.,-78371.,-0.15889E+06,-0.12247E+06,-0.49400E+06
4533.400000000,-6770.6,-0.22723E+06,-0.11530E+06,-53813.,-43603.,-0.38768E+06,-0.17578E+06,-0.28942E+06,-77469.,-82769.,-0.15889E+06,-0.12359E+06,-0.49411E+06
4564.400000000,-8183.6,-0.24444E+06,-0.14151E+06,-0.21194E+06,-49562.,-0.40565E+06,-0.18074E+06,-0.35509E+06,-97558.,-90057.,-0.15930E+06,-0.12552E+06,-0.49521E+06
4594.400000000,-23820.,-0.26989E+06,-0.18319E+06,-0.24506E+06,-78622.,-0.45304E+06,-0.20404E+06,-0.40465E+06,-0.10286E+06,-88448.,-0.15961E+06,-0.12562E+06,-0.49418E+06
4625.400000000,-41446.,-0.30807E+06,-0.27196E+06,-0.43022E+06,-0.10975E+06,-0.52999E+06,-0.24957E+06,-0.43512E+06,-0.11986E+06,-96100.,-0.16040E+06,-0.12382E+06,-0.49275E+06
4656.400000000,-37183.,-0.31597E+06,-0.22961E+06,-0.39388E+06,-0.10723E+06,-0.55973E+06,-0.26887E+06,-0.42907E+06,-0.11309E+06,-91801.,-0.16075E+06,-0.12132E+06,-0.49151E+06
4686.400000000,-35051.,-0.33189E+06,-0.25752E+06,-0.38793E+06,-95545.,-0.56941E+06,-0.27572E+06,-0.39756E+06,-0.11125E+06,-85702.,-0.16092E+06,-0.12146E+06,-0.49172E+06
4717.400000000,-27910.,-0.32493E+06,-0.20945E+06,-0.22173E+06,-65944.,-0.52857E+06,-0.25693E+06,-0.30823E+06,-88688.,-74907.,-0.16038E+06,-0.12004E+06,-0.48924E+06
4747.400000000,-15897.,-0.29920E+06,-0.17118E+06,-0.10404E+06,-33006.,-0.47567E+06,-0.22972E+06,-0.20472E+06,-72388.,-77630.,-0.16017E+06,-0.12052E+06,-0.49099E+06
4778.400000000,-9837.2,-0.27520E+06,-0.14293E+06,-61957.,-23190.,-0.43926E+06,-0.21003E+06,-0.18547E+06,-68374.,-78546.,-0.15999E+06,-0.12162E+06,-0.49239E+06
4809.400000000,-7994.4,-0.25641E+06,-0.13457E+06,-75386.,-18348.,-0.41237E+06,-0.19559E+06,-0.17676E+06,-67223.,-78900.,-0.15981E+06,-0.12230E+06,-0.49314E+06
4837.400000000,1425.2,-0.22834E+06,-64635.,14399.,-15557.,-0.39924E+06,-0.18689E+06,-0.17164E+06,-63108.,-78997.,-0.15963E+06,-0.12259E+06,-0.49348E+06
4868.400000000,15870.,-0.18374E+06,62352.,0.26389E+06,-5009.9,-0.36406E+06,-0.15992E+06,-0.16835E+06,-58029.,-79053.,-0.15941E+06,-0.12265E+06,-0.49455E+06
4898.400000000,-5935.7,-0.20099E+06,-88799.,-19710.,-37897.,-0.37826E+06,-0.16954E+06,-0.27060E+06,-82329.,-85287.,-0.15952E+06,-0.12331E+06,-0.49376E+06
4929.400000000,-32570.,-0.25310E+06,-0.23967E+06,-0.28033E+06,-69946.,-0.41482E+06,-0.18866E+06,-0.38324E+06,-0.10652E+06,-85890.,-0.15987E+06,-0.12318E+06,-0.49289E+06
4959.400000000,-28141.,-0.27799E+06,-0.20405E+06,-0.30620E+06,-76806.,-0.44174E+06,-0.20097E+06,-0.41702E+06,-0.11695E+06,-94412.,-0.16051E+06,-0.12225E+06,-0.49199E+06
4990.400000000,-36352.,-0.30584E+06,-0.24904E+06,-0.40577E+06,-0.10963E+06,-0.51581E+06,-0.24691E+06,-0.43306E+06,-0.11639E+06,-94762.,-0.16095E+06,-0.12092E+06,-0.49111E+06
5021.400000000,-34323.,-0.32250E+06,-0.23311E+06,-0.41135E+06,-0.10643E+06,-0.54247E+06,-0.26374E+06,-0.43984E+06,-0.11089E+06,-85877.,-0.16090E+06,-0.12022E+06,-0.49083E+06
5051.400000000,-32314.,-0.33441E+06,-0.22874E+06,-0.36310E+06,-96668.,-0.55690E+06,-0.27164E+06,-0.38862E+06,-0.10565E+06,-81046.,-0.16079E+06,-0.11950E+06,-0.49055E+06
5082.400000000,-26112.,-0.32681E+06,-0.18702E+06,-0.21490E+06,-74226.,-0.53093E+06,-0.25737E+06,-0.33002E+06,-93942.,-74194.,-0.16029E+06,-0.11865E+06,-0.48726E+06
5112.400000000,-16020.,-0.30239E+06,-0.16333E+06,-0.10878E+06,-33287.,-0.46930E+06,-0.22604E+06,-0.20630E+06,-72468.,-76982.,-0.16007E+06,-0.11964E+06,-0.48965E+06
5143.400000000,-9821.6,-0.27748E+06,-0.13410E+06,-46722.,-24599.,-0.43653E+06,-0.20944E+06,-0.18582E+06,-67306.,-78144.,-0.15989E+06,-0.12104E+06,-0.49145E+06
5174.400000000,-7550.9,-0.25702E+06,-0.12242E+06,-52880.,-22959.,-0.41893E+06,-0.20114E+06,-0.17661E+06,-65957.,-78679.,-0.15970E+06,-0.12187E+06,-0.49241E+06
5203.400000000,-6650.8,-0.24070E+06,-0.11619E+06,-59154.,-17209.,-0.39772E+06,-0.18778E+06,-0.17025E+06,-65261.,-78891.,-0.15951E+06,-0.12225E+06,-0.49286E+06
5234.400000000,1485.5,-0.21415E+06,-60016.,56923.,-19028.,-0.38811E+06,-0.17137E+06,-0.16821E+06,-61883.,-78950.,-0.15929E+06,-0.12236E+06,-0.49304E+06
5264.400000000,-3607.3,-0.21400E+06,-76993.,27607.,-36194.,-0.39186E+06,-0.16857E+06,-0.24597E+06,-75404.,-81171.,-0.15916E+06,-0.12175E+06,-0.48997E+06
5295.400000000,-26367.,-0.26052E+06,-0.19996E+06,-0.25100E+06,-71998.,-0.43217E+06,-0.19341E+06,-0.35535E+06,-0.10842E+06,-92588.,-0.15968E+06,-0.12236E+06,-0.49080E+06
5325.400000000,-28696.,-0.28719E+06,-0.20460E+06,-0.32062E+06,-92809.,-0.47078E+06,-0.21711E+06,-0.41270E+06,-0.11746E+06,-96327.,-0.16017E+06,-0.12181E+06,-0.49003E+06
5356.400000000,-31994.,-0.30497E+06,-0.20152E+06,-0.33412E+06,-0.10204E+06,-0.52061E+06,-0.24922E+06,-0.42078E+06,-0.11429E+06,-94769.,-0.16063E+06,-0.12017E+06,-0.48920E+06
5387.400000000,-28338.,-0.31738E+06,-0.19662E+06,-0.33339E+06,-95839.,-0.53566E+06,-0.25819E+06,-0.41978E+06,-0.10996E+06,-90072.,-0.16078E+06,-0.11863E+06,-0.48880E+06
5417.400000000,-27447.,-0.32885E+06,-0.21477E+06,-0.30555E+06,-76763.,-0.52810E+06,-0.25015E+06,-0.34712E+06,-0.10394E+06,-86108.,-0.16096E+06,-0.11901E+06,-0.48937E+06
5448.400000000,-22707.,-0.32891E+06,-0.23386E+06,-0.26712E+06,-67012.,-0.52044E+06,-0.24779E+06,-0.30511E+06,-95981.,-85830.,-0.16111E+06,-0.12149E+06,-0.49093E+06
5478.400000000,-13972.,-0.30121E+06,-0.17629E+06,-0.10853E+06,-34732.,-0.47057E+06,-0.22339E+06,-0.20010E+06,-74837.,-81795.,-0.16096E+06,-0.12153E+06,-0.49156E+06
5509.400000000,-9081.8,-0.27651E+06,-0.14382E+06,-48877.,-26199.,-0.43689E+06,-0.20808E+06,-0.18116E+06,-69906.,-81279.,-0.16079E+06,-0.12216E+06,-0.49221E+06
5540.400000000,-7255.7,-0.25637E+06,-0.12793E+06,-41210.,-23249.,-0.40947E+06,-0.19572E+06,-0.17223E+06,-68382.,-81097.,-0.16059E+06,-0.12253E+06,-0.49260E+06
5568.400000000,-6523.4,-0.24097E+06,-0.12038E+06,-32810.,-19137.,-0.38452E+06,-0.18485E+06,-0.16615E+06,-67495.,-80913.,-0.16039E+06,-0.12266E+06,-0.49278E+06
5599.400000000,-6184.6,-0.22659E+06,-0.11414E+06,-29560.,-16160.,-0.35868E+06,-0.17230E+06,-0.16299E+06,-66859.,-80669.,-0.16015E+06,-0.12263E+06,-0.49283E+06
5629.400000000,-8820.6,-0.23196E+06,-0.12557E+06,-17839.,-47612.,-0.37952E+06,-0.18446E+06,-0.27615E+06,-84216.,-80944.,-0.15993E+06,-0.12277E+06,-0.49121E+06
5660.400000000,-16725.,-0.25624E+06,-0.14929E+06,-83465.,-78798.,-0.42428E+06,-0.20602E+06,-0.37247E+06,-99735.,-80164.,-0.15968E+06,-0.12180E+06,-0.48925E+06
5690.400000000,-25393.,-0.27600E+06,-0.17256E+06,-0.17202E+06,-91815.,-0.46750E+06,-0.23109E+06,-0.39378E+06,-0.10382E+06,-78121.,-0.15925E+06,-0.11899E+06,-0.48418E+06
5721.400000000,-27435.,-0.28885E+06,-0.15940E+06,-0.21441E+06,-92866.,-0.50155E+06,-0.25089E+06,-0.40238E+06,-96756.,-72400.,-0.15869E+06,-0.11621E+06,-0.48115E+06
5752.400000000,-25373.,-0.29982E+06,-0.15363E+06,-0.21558E+06,-90396.,-0.51580E+06,-0.25828E+06,-0.39992E+06,-95080.,-70562.,-0.15804E+06,-0.11459E+06,-0.48062E+06
5782.400000000,-27643.,-0.31200E+06,-0.17106E+06,-0.13270E+06,-77974.,-0.51298E+06,-0.25280E+06,-0.34892E+06,-91565.,-67441.,-0.15754E+06,-0.11425E+06,-0.48013E+06
5813.400000000,-21325.,-0.30183E+06,-0.15138E+06,-56462.,-58248.,-0.48553E+06,-0.23427E+06,-0.28144E+06,-74125.,-65043.,-0.15695E+06,-0.11562E+06,-0.48148E+06
5843.400000000,-11594.,-0.27808E+06,-0.12529E+06,-42853.,-29901.,-0.44050E+06,-0.21122E+06,-0.19256E+06,-62366.,-71048.,-0.15679E+06,-0.11722E+06,-0.48552E+06
5874.400000000,-8039.0,-0.25713E+06,-0.11174E+06,-48069.,-24579.,-0.41945E+06,-0.20017E+06,-0.17640E+06,-60304.,-73290.,-0.15669E+06,-0.11890E+06,-0.48801E+06
5905.400000000,-6670.9,-0.23963E+06,-0.10566E+06,-37659.,-20566.,-0.39511E+06,-0.18758E+06,-0.16819E+06,-59815.,-74413.,-0.15657E+06,-0.11990E+06,-0.48927E+06
5933.400000000,-6111.4,-0.22595E+06,-0.10134E+06,-26207.,-18269.,-0.37207E+06,-0.17707E+06,-0.16289E+06,-59587.,-74988.,-0.15644E+06,-0.12036E+06,-0.48986E+06
5964.400000000,-5868.4,-0.21351E+06,-0.10071E+06,-28894.,-14470.,-0.34679E+06,-0.16505E+06,-0.15967E+06,-59578.,-75380.,-0.15627E+06,-0.12056E+06,-0.49017E+06
5994.400000000,-5919.8,-0.21464E+06,-92149.,37182.,-28258.,-0.33979E+06,-0.15719E+06,-0.24987E+06,-75734.,-80799.,-0.15632E+06,-0.12107E+06,-0.49034E+06
6025.400000000,-14781.,-0.24178E+06,-0.12681E+06,-0.11193E+06,-67316.,-0.38910E+06,-0.18501E+06,-0.36905E+06,-99383.,-86719.,-0.15665E+06,-0.12005E+06,-0.48942E+06
6055.400000000,-23444.,-0.27315E+06,-0.17043E+06,-0.23514E+06,-79582.,-0.42449E+06,-0.20520E+06,-0.40206E+06,-0.11013E+06,-91900.,-0.15719E+06,-0.11967E+06,-0.48827E+06
6086.400000000,-29008.,-0.29632E+06,-0.18421E+06,-0.28485E+06,-98407.,-0.47520E+06,-0.23493E+06,-0.42569E+06,-0.10941E+06,-88772.,-0.15747E+06,-0.11844E+06,-0.48634E+06
6117.400000000,-31440.,-0.31811E+06,-0.19349E+06,-0.30887E+06,-96147.,-0.49460E+06,-0.24404E+06,-0.42604E+06,-0.10784E+06,-82520.,-0.15740E+06,-0.11732E+06,-0.48616E+06
6147.400000000,-29802.,-0.33163E+06,-0.19720E+06,-0.24490E+06,-88560.,-0.51152E+06,-0.25355E+06,-0.38063E+06,-0.10151E+06,-77485.,-0.15732E+06,-0.11691E+06,-0.48565E+06
6178.400000000,-20487.,-0.32283E+06,-0.18636E+06,-96170.,-61267.,-0.48513E+06,-0.23911E+06,-0.28962E+06,-83299.,-73357.,-0.15698E+06,-0.11706E+06,-0.48491E+06
6208.400000000,-11847.,-0.29581E+06,-0.15020E+06,-26753.,-30511.,-0.43384E+06,-0.21241E+06,-0.19383E+06,-67797.,-75114.,-0.15682E+06,-0.11834E+06,-0.48700E+06
6239.400000000,-7731.6,-0.27154E+06,-0.12690E+06,-39843.,-25418.,-0.41652E+06,-0.20275E+06,-0.17705E+06,-64362.,-75899.,-0.15668E+06,-0.11953E+06,-0.48841E+06
6270.400000000,-6526.2,-0.25124E+06,-0.11198E+06,-37914.,-17066.,-0.38776E+06,-0.18450E+06,-0.16867E+06,-63437.,-76252.,-0.15652E+06,-0.12018E+06,-0.48915E+06
6298.400000000,-7292.5,-0.23608E+06,-0.10301E+06,-20618.,-14820.,-0.36585E+06,-0.17270E+06,-0.16422E+06,-63329.,-76373.,-0.15636E+06,-0.12046E+06,-0.48949E+06
6329.400000000,-6159.4,-0.22213E+06,-0.10397E+06,-29974.,-13739.,-0.34780E+06,-0.16312E+06,-0.16087E+06,-62344.,-76385.,-0.15638E+06,-0.12051E+06,-0.48962E+06
6359.400000000,-10806.,-0.23480E+06,-97545.,16948.,-36798.,-0.36035E+06,-0.16854E+06,-0.26385E+06,-81524.,-79813.,-0.15630E+06,-0.12097E+06,-0.48855E+06
6390.400000000,-19860.,-0.26640E+06,-0.16813E+06,-0.10948E+06,-56208.,-0.39169E+06,-0.17972E+06,-0.35254E+06,-0.10489E+06,-90091.,-0.15675E+06,-0.12100E+06,-0.48895E+06
6420.400000000,-27170.,-0.29282E+06,-0.18210E+06,-0.21887E+06,-72315.,-0.42707E+06,-0.19898E+06,-0.39042E+06,-0.11390E+06,-92189.,-0.15727E+06,-0.11925E+06,-0.48778E+06
6451.400000000,-31164.,-0.30719E+06,-0.17507E+06,-0.26044E+06,-0.10437E+06,-0.49530E+06,-0.24130E+06,-0.42549E+06,-0.11294E+06,-89208.,-0.15764E+06,-0.11984E+06,-0.48683E+06
6482.400000000,-30660.,-0.32475E+06,-0.19572E+06,-0.30646E+06,-98968.,-0.51557E+06,-0.25128E+06,-0.41604E+06,-0.11211E+06,-84962.,-0.15770E+06,-0.11891E+06,-0.48646E+06
6512.400000000,-27366.,-0.33364E+06,-0.20741E+06,-0.27618E+06,-88973.,-0.53011E+06,-0.25967E+06,-0.36358E+06,-0.10376E+06,-81790.,-0.15764E+06,-0.11733E+06,-0.48628E+06
6543.400000000,-18465.,-0.32295E+06,-0.19044E+06,-0.13245E+06,-65823.,-0.50541E+06,-0.24438E+06,-0.29544E+06,-84497.,-73586.,-0.15709E+06,-0.11628E+06,-0.48334E+06
6573.400000000,-11115.,-0.29654E+06,-0.15937E+06,-50779.,-34861.,-0.45460E+06,-0.21895E+06,-0.20463E+06,-70614.,-75674.,-0.15689E+06,-0.11750E+06,-0.48577E+06
6604.400000000,-8263.6,-0.27223E+06,-0.12839E+06,-38498.,-24810.,-0.42647E+06,-0.20338E+06,-0.17759E+06,-66486.,-76469.,-0.15673E+06,-0.11901E+06,-0.48746E+06
6635.400000000,-6286.1,-0.25143E+06,-0.11125E+06,-32861.,-21755.,-0.40625E+06,-0.19204E+06,-0.16891E+06,-64829.,-76798.,-0.15656E+06,-0.11990E+06,-0.48833E+06
6664.400000000,-3754.6,-0.23178E+06,-88025.,5072.7,-16568.,-0.38226E+06,-0.17918E+06,-0.16340E+06,-63337.,-76896.,-0.15639E+06,-0.12030E+06,-0.48873E+06
6695.400000000,-6972.9,-0.22196E+06,-0.11025E+06,-18312.,-11453.,-0.34914E+06,-0.16132E+06,-0.16112E+06,-64404.,-76966.,-0.15619E+06,-0.12046E+06,-0.48890E+06
6725.400000000,-14051.,-0.23322E+06,-97364.,30034.,-47073.,-0.37066E+06,-0.17803E+06,-0.28624E+06,-86681.,-84540.,-0.15636E+06,-0.12169E+06,-0.48840E+06
6756.400000000,-20841.,-0.27015E+06,-0.18532E+06,-0.14117E+06,-68900.,-0.40846E+06,-0.19502E+06,-0.34858E+06,-0.10562E+06,-87857.,-0.15674E+06,-0.12178E+06,-0.48823E+06
6786.400000000,-28799.,-0.29949E+06,-0.19472E+06,-0.19595E+06,-79241.,-0.43472E+06,-0.20798E+06,-0.38561E+06,-0.11349E+06,-90452.,-0.15711E+06,-0.12014E+06,-0.48668E+06
6817.400000000,-31688.,-0.31662E+06,-0.17318E+06,-0.22248E+06,-99130.,-0.48398E+06,-0.23848E+06,-0.42911E+06,-0.11249E+06,-86520.,-0.15735E+06,-0.11820E+06,-0.48441E+06
6848.400000000,-31232.,-0.33688E+06,-0.19996E+06,-0.27712E+06,-92506.,-0.50119E+06,-0.24679E+06,-0.41570E+06,-0.11325E+06,-85888.,-0.15759E+06,-0.11723E+06,-0.48451E+06
6878.400000000,-28274.,-0.34702E+06,-0.20343E+06,-0.24648E+06,-88184.,-0.52188E+06,-0.25721E+06,-0.37533E+06,-0.10422E+06,-79317.,-0.15742E+06,-0.11680E+06,-0.48395E+06
6909.400000000,-19124.,-0.33492E+06,-0.19441E+06,-0.16982E+06,-62539.,-0.50075E+06,-0.24159E+06,-0.28820E+06,-90463.,-80413.,-0.15741E+06,-0.11863E+06,-0.48585E+06
6939.400000000,-11029.,-0.30611E+06,-0.15588E+06,-52004.,-30045.,-0.44618E+06,-0.21308E+06,-0.19251E+06,-71437.,-78012.,-0.15728E+06,-0.11931E+06,-0.48693E+06
6970.400000000,-8311.8,-0.28096E+06,-0.13103E+06,-31508.,-24270.,-0.41805E+06,-0.19975E+06,-0.17594E+06,-67644.,-77889.,-0.15714E+06,-0.12019E+06,-0.48771E+06
7001.400000000,-7177.3,-0.26004E+06,-0.11923E+06,-18702.,-21680.,-0.39068E+06,-0.18688E+06,-0.16760E+06,-66290.,-77894.,-0.15698E+06,-0.12068E+06,-0.48812E+06
7029.400000000,-6282.3,-0.24382E+06,-0.11125E+06,-8368.9,-19442.,-0.36786E+06,-0.17728E+06,-0.16187E+06,-65301.,-77830.,-0.15682E+06,-0.12086E+06,-0.48830E+06
7060.400000000,-6720.1,-0.22954E+06,-0.10741E+06,-21435.,-15699.,-0.34513E+06,-0.16567E+06,-0.15862E+06,-64938.,-77632.,-0.15661E+06,-0.12087E+06,-0.48832E+06
7090.400000000,-13996.,-0.23487E+06,-0.10451E+06,18583.,-41460.,-0.36170E+06,-0.17376E+06,-0.26082E+06,-78997.,-73585.,-0.15611E+06,-0.12076E+06,-0.48507E+06
7121.400000000,-16750.,-0.26176E+06,-0.18615E+06,-39388.,-54842.,-0.38511E+06,-0.17762E+06,-0.33830E+06,-97021.,-79443.,-0.15604E+06,-0.12134E+06,-0.48562E+06
7151.400000000,-28093.,-0.29383E+06,-0.20833E+06,-0.16072E+06,-81600.,-0.43630E+06,-0.20500E+06,-0.38624E+06,-0.10896E+06,-82209.,-0.15614E+06,-0.12071E+06,-0.48378E+06
7182.400000000,-30956.,-0.30555E+06,-0.17662E+06,-0.19964E+06,-92864.,-0.48118E+06,-0.23311E+06,-0.39722E+06,-99680.,-78446.,-0.15616E+06,-0.11844E+06,-0.48250E+06
7213.400000000,-30576.,-0.32262E+06,-0.17392E+06,-0.22353E+06,-96466.,-0.50492E+06,-0.24468E+06,-0.41678E+06,-0.10244E+06,-79707.,-0.15637E+06,-0.11709E+06,-0.48309E+06
7243.400000000,-28684.,-0.33233E+06,-0.19815E+06,-0.21422E+06,-94184.,-0.52243E+06,-0.25412E+06,-0.39384E+06,-93556.,-73801.,-0.15614E+06,-0.11686E+06,-0.48274E+06
7274.400000000,-21654.,-0.32446E+06,-0.18827E+06,-0.10411E+06,-60795.,-0.49272E+06,-0.23708E+06,-0.28464E+06,-80295.,-71328.,-0.15576E+06,-0.11771E+06,-0.48302E+06
7304.400000000,-11468.,-0.29581E+06,-0.14663E+06,-31961.,-31134.,-0.44859E+06,-0.21343E+06,-0.19381E+06,-65886.,-73599.,-0.15561E+06,-0.11834E+06,-0.48473E+06
7335.400000000,-7632.4,-0.27134E+06,-0.12380E+06,-51975.,-17847.,-0.42063E+06,-0.19544E+06,-0.17713E+06,-63077.,-74652.,-0.15549E+06,-0.11931E+06,-0.48590E+06
7366.400000000,-5272.6,-0.24912E+06,-0.10064E+06,-32456.,-15997.,-0.40327E+06,-0.18360E+06,-0.17077E+06,-61852.,-75176.,-0.15535E+06,-0.11988E+06,-0.48649E+06
7394.400000000,8004.4,-0.20855E+06,27755.,0.22328E+06,-19300.,-0.38780E+06,-0.17587E+06,-0.16601E+06,-56511.,-75409.,-0.15521E+06,-0.12011E+06,-0.48676E+06
7425.400000000,-1428.6,-0.19847E+06,-46997.,0.13633E+06,-5969.7,-0.35350E+06,-0.15519E+06,-0.16133E+06,-61031.,-75500.,-0.15502E+06,-0.12013E+06,-0.48688E+06
7455.400000000,-3739.5,-0.19997E+06,-47549.,0.10375E+06,-5838.1,-0.32552E+06,-0.13716E+06,-0.23269E+06,-74546.,-80007.,-0.15493E+06,-0.12070E+06,-0.48562E+06
7486.400000000,-15263.,-0.22964E+06,-0.11231E+06,-75804.,-49754.,-0.36676E+06,-0.16022E+06,-0.34641E+06,-93872.,-86535.,-0.15536E+06,-0.12063E+06,-0.48608E+06
7516.400000000,-36238.,-0.27951E+06,-0.23994E+06,-0.28920E+06,-85184.,-0.43078E+06,-0.19810E+06,-0.40199E+06,-0.11003E+06,-90784.,-0.15588E+06,-0.12093E+06,-0.48551E+06
7547.400000000,-41330.,-0.29962E+06,-0.24079E+06,-0.34539E+06,-0.10168E+06,-0.49297E+06,-0.24144E+06,-0.40068E+06,-0.10168E+06,-86737.,-0.15628E+06,-0.11896E+06,-0.48030E+06
7578.400000000,-33043.,-0.31596E+06,-0.20555E+06,-0.32312E+06,-96401.,-0.51322E+06,-0.25171E+06,-0.39836E+06,-0.10197E+06,-85120.,-0.15661E+06,-0.11701E+06,-0.48119E+06
7608.400000000,-27020.,-0.32547E+06,-0.20903E+06,-0.26987E+06,-85577.,-0.52431E+06,-0.25564E+06,-0.34829E+06,-92136.,-76622.,-0.15634E+06,-0.11655E+06,-0.48082E+06
7639.400000000,-19820.,-0.31887E+06,-0.19261E+06,-0.15179E+06,-69152.,-0.50969E+06,-0.24280E+06,-0.30024E+06,-78382.,-71035.,-0.15587E+06,-0.11728E+06,-0.48190E+06
7669.400000000,-11113.,-0.29175E+06,-0.14878E+06,-63800.,-40812.,-0.46904E+06,-0.21575E+06,-0.21610E+06,-67699.,-73983.,-0.15571E+06,-0.11800E+06,-0.48368E+06
7700.400000000,-8225.8,-0.26824E+06,-0.12525E+06,-47776.,-28059.,-0.43900E+06,-0.20198E+06,-0.18032E+06,-64474.,-75099.,-0.15558E+06,-0.11905E+06,-0.48484E+06
7731.400000000,-6645.1,-0.24738E+06,-0.10571E+06,-14263.,-23430.,-0.40738E+06,-0.18848E+06,-0.16981E+06,-63265.,-75603.,-0.15543E+06,-0.11968E+06,-0.48545E+06
7759.400000000,-6437.5,-0.23343E+06,-0.10945E+06,-34191.,-18946.,-0.38263E+06,-0.17703E+06,-0.16378E+06,-62803.,-75807.,-0.15528E+06,-0.11994E+06,-0.48572E+06
7790.400000000,-6705.4,-0.22020E+06,-0.10398E+06,-19077.,-14555.,-0.35385E+06,-0.15866E+06,-0.16111E+06,-62614.,-75949.,-0.15510E+06,-0.12002E+06,-0.48583E+06
7820.400000000,-13056.,-0.22953E+06,-0.10828E+06,22743.,-45579.,-0.37899E+06,-0.17343E+06,-0.26555E+06,-82175.,-83282.,-0.15519E+06,-0.12096E+06,-0.48483E+06
7851.400000000,-22789.,-0.26445E+06,-0.17646E+06,-0.16360E+06,-67406.,-0.40424E+06,-0.18951E+06,-0.34858E+06,-97194.,-86220.,-0.15556E+06,-0.12003E+06,-0.48391E+06
7881.400000000,-26350.,-0.29228E+06,-0.19542E+06,-0.21152E+06,-88230.,-0.45051E+06,-0.21980E+06,-0.38824E+06,-0.10746E+06,-96806.,-0.15650E+06,-0.12055E+06,-0.48366E+06
7912.400000000,-29671.,-0.30541E+06,-0.15885E+06,-0.24897E+06,-94492.,-0.48239E+06,-0.24010E+06,-0.41172E+06,-98604.,-78535.,-0.15626E+06,-0.11814E+06,-0.47755E+06
7943.400000000,-32891.,-0.32510E+06,-0.17635E+06,-0.30778E+06,-89455.,-0.49729E+06,-0.24843E+06,-0.39789E+06,-96308.,-71127.,-0.15579E+06,-0.11569E+06,-0.47559E+06
7973.400000000,-29462.,-0.33981E+06,-0.20922E+06,-0.26126E+06,-81135.,-0.51195E+06,-0.25519E+06,-0.34776E+06,-92265.,-69718.,-0.15548E+06,-0.11651E+06,-0.47658E+06
8004.400000000,-19846.,-0.31849E+06,-0.17141E+06,-0.12707E+06,-56301.,-0.48347E+06,-0.23269E+06,-0.27271E+06,-69960.,-64785.,-0.15488E+06,-0.11655E+06,-0.47839E+06
8034.400000000,-11514.,-0.29160E+06,-0.13604E+06,-39497.,-30383.,-0.44618E+06,-0.20918E+06,-0.19013E+06,-62610.,-70715.,-0.15475E+06,-0.11716E+06,-0.48116E+06
8065.400000000,-7943.3,-0.26836E+06,-0.11567E+06,-39511.,-24512.,-0.42094E+06,-0.19653E+06,-0.17490E+06,-61138.,-72783.,-0.15466E+06,-0.11833E+06,-0.48287E+06
8096.400000000,-6543.8,-0.24899E+06,-0.10665E+06,-35881.,-22605.,-0.40145E+06,-0.18746E+06,-0.16688E+06,-60684.,-73775.,-0.15455E+06,-0.11907E+06,-0.48374E+06
8125.400000000,-5947.5,-0.23341E+06,-0.10275E+06,-28060.,-19102.,-0.37893E+06,-0.17610E+06,-0.16116E+06,-60377.,-74275.,-0.15443E+06,-0.11942E+06,-0.48415E+06
8156.400000000,-6111.4,-0.21971E+06,-97660.,-22649.,-14269.,-0.35239E+06,-0.15887E+06,-0.15825E+06,-60398.,-74622.,-0.15428E+06,-0.11953E+06,-0.48432E+06
8186.400000000,-12575.,-0.22830E+06,-96217.,37665.,-33532.,-0.35762E+06,-0.15939E+06,-0.22864E+06,-76408.,-81309.,-0.15435E+06,-0.11956E+06,-0.48333E+06
8217.400000000,-18724.,-0.25157E+06,-0.11089E+06,-21543.,-51983.,-0.37092E+06,-0.16458E+06,-0.34694E+06,-99809.,-92228.,-0.15505E+06,-0.11988E+06,-0.48341E+06
8247.400000000,-37558.,-0.29235E+06,-0.21242E+06,-0.23447E+06,-74871.,-0.40839E+06,-0.18805E+06,-0.39238E+06,-0.11280E+06,-92028.,-0.15559E+06,-0.12023E+06,-0.48284E+06
8278.400000000,-37502.,-0.32185E+06,-0.17914E+06,-0.25335E+06,-99813.,-0.47520E+06,-0.23038E+06,-0.40581E+06,-0.11721E+06,-89744.,-0.15604E+06,-0.11897E+06,-0.48144E+06
8309.400000000,-35504.,-0.34685E+06,-0.18880E+06,-0.28462E+06,-98398.,-0.50411E+06,-0.24572E+06,-0.40814E+06,-0.11422E+06,-87745.,-0.15649E+06,-0.11728E+06,-0.48083E+06
8339.400000000,-31630.,-0.36099E+06,-0.22536E+06,-0.29116E+06,-89173.,-0.52606E+06,-0.25661E+06,-0.35798E+06,-0.10727E+06,-83520.,-0.15666E+06,-0.11800E+06,-0.48123E+06
8370.400000000,-20704.,-0.34674E+06,-0.18402E+06,-0.14282E+06,-63060.,-0.49333E+06,-0.23439E+06,-0.29291E+06,-83975.,-74294.,-0.15626E+06,-0.11780E+06,-0.48030E+06
8400.400000000,-12075.,-0.31554E+06,-0.14252E+06,-39163.,-30757.,-0.44521E+06,-0.21053E+06,-0.19308E+06,-69599.,-75880.,-0.15607E+06,-0.11813E+06,-0.48185E+06
8431.400000000,-9565.0,-0.28840E+06,-0.11454E+06,-28282.,-25247.,-0.42222E+06,-0.19884E+06,-0.17582E+06,-66845.,-76465.,-0.15590E+06,-0.11901E+06,-0.48296E+06
8462.400000000,-6470.3,-0.26651E+06,-0.11255E+06,-29458.,-21371.,-0.39534E+06,-0.18552E+06,-0.16722E+06,-64953.,-76674.,-0.15572E+06,-0.11955E+06,-0.48353E+06
8490.400000000,-6530.0,-0.24968E+06,-0.10759E+06,-17080.,-20360.,-0.37313E+06,-0.17552E+06,-0.16168E+06,-64597.,-76703.,-0.15554E+06,-0.11976E+06,-0.48378E+06
8521.400000000,-6432.7,-0.23405E+06,-0.10187E+06,-22362.,-13489.,-0.34514E+06,-0.16095E+06,-0.15746E+06,-64525.,-76674.,-0.15532E+06,-0.12057E+06,-0.48388E+06
8551.400000000,-15122.,-0.24942E+06,-0.10631E+06,-4868.8,-35662.,-0.35530E+06,-0.16165E+06,-0.25902E+06,-87081.,-84368.,-0.15546E+06,-0.12047E+06,-0.48372E+06
8582.400000000,-20377.,-0.27591E+06,-0.14791E+06,-0.11460E+06,-57957.,-0.38297E+06,-0.17373E+06,-0.36679E+06,-0.10758E+06,-90464.,-0.15591E+06,-0.12066E+06,-0.48341E+06
8612.400000000,-24375.,-0.29583E+06,-0.14821E+06,-0.19248E+06,-68854.,-0.42051E+06,-0.19436E+06,-0.39224E+06,-0.11655E+06,-94408.,-0.15646E+06,-0.12170E+06,-0.48364E+06
8643.400000000,-49581.,-0.34325E+06,-0.23763E+06,-0.34631E+06,-95109.,-0.48665E+06,-0.23316E+06,-0.41389E+06,-0.13226E+06,-97462.,-0.15708E+06,-0.11974E+06,-0.48189E+06
8674.400000000,-43908.,-0.36711E+06,-0.24145E+06,-0.34574E+06,-91216.,-0.51238E+06,-0.24624E+06,-0.40784E+06,-0.12700E+06,-94295.,-0.15759E+06,-0.11930E+06,-0.48165E+06
8704.400000000,-36389.,-0.37314E+06,-0.22266E+06,-0.27939E+06,-88022.,-0.53116E+06,-0.25398E+06,-0.36908E+06,-0.11077E+06,-84080.,-0.15756E+06,-0.11714E+06,-0.47995E+06
8735.400000000,-24519.,-0.35973E+06,-0.20480E+06,-0.23014E+06,-66415.,-0.50669E+06,-0.23520E+06,-0.31203E+06,-93556.,-80293.,-0.15738E+06,-0.11826E+06,-0.48163E+06
8765.400000000,-14032.,-0.32773E+06,-0.15585E+06,-78409.,-32838.,-0.45673E+06,-0.21133E+06,-0.19571E+06,-73918.,-78901.,-0.15719E+06,-0.11869E+06,-0.48254E+06
8796.400000000,-8375.7,-0.29683E+06,-0.11444E+06,-10771.,-25555.,-0.42779E+06,-0.19923E+06,-0.17650E+06,-69156.,-78764.,-0.15700E+06,-0.11956E+06,-0.48321E+06
8827.400000000,-7402.5,-0.27600E+06,-0.12232E+06,-46287.,-20257.,-0.40222E+06,-0.18656E+06,-0.16795E+06,-68002.,-78662.,-0.15679E+06,-0.12007E+06,-0.48357E+06
8855.400000000,-7377.6,-0.25838E+06,-0.11156E+06,-34891.,-20646.,-0.38448E+06,-0.17830E+06,-0.16286E+06,-67245.,-78513.,-0.15659E+06,-0.12026E+06,-0.48372E+06
8886.400000000,-6726.8,-0.24139E+06,-0.10536E+06,-24827.,-16527.,-0.35832E+06,-0.16598E+06,-0.15919E+06,-65982.,-78334.,-0.15634E+06,-0.12028E+06,-0.48376E+06
8916.400000000,-6379.5,-0.22497E+06,-79679.,2098.0,-41554.,-0.37378E+06,-0.16978E+06,-0.26461E+06,-56550.,-81175.,-0.15623E+06,-0.12070E+06,-0.48274E+06
8947.400000000,-14068.,-0.25166E+06,-0.12777E+06,-32371.,-64038.,-0.40681E+06,-0.18768E+06,-0.33926E+06,-94694.,-88555.,-0.15656E+06,-0.12145E+06,-0.48306E+06
8977.400000000,-19235.,-0.27691E+06,-0.14146E+06,-0.15345E+06,-48465.,-0.39705E+06,-0.17436E+06,-0.37183E+06,-0.10850E+06,-93361.,-0.15701E+06,-0.12200E+06,-0.48275E+06
9008.400000000,-41456.,-0.32118E+06,-0.21994E+06,-0.30624E+06,-92952.,-0.47942E+06,-0.22763E+06,-0.43361E+06,-0.12526E+06,-96959.,-0.15766E+06,-0.11966E+06,-0.48128E+06
9039.400000000,-40921.,-0.35144E+06,-0.23898E+06,-0.33734E+06,-89977.,-0.51399E+06,-0.24859E+06,-0.42668E+06,-0.12296E+06,-95019.,-0.15825E+06,-0.11802E+06,-0.48062E+06
9069.400000000,-35024.,-0.35780E+06,-0.21804E+06,-0.28106E+06,-82568.,-0.53011E+06,-0.25637E+06,-0.38124E+06,-0.10888E+06,-84910.,-0.15823E+06,-0.11705E+06,-0.48030E+06
9100.400000000,-28595.,-0.35448E+06,-0.20513E+06,-0.21548E+06,-62128.,-0.50485E+06,-0.24049E+06,-0.30747E+06,-97574.,-80234.,-0.15800E+06,-0.11812E+06,-0.47978E+06
9130.400000000,-15353.,-0.32323E+06,-0.15816E+06,-82406.,-30615.,-0.45586E+06,-0.21457E+06,-0.19487E+06,-73407.,-79108.,-0.15777E+06,-0.11828E+06,-0.48115E+06
9161.400000000,-8346.8,-0.29450E+06,-0.12788E+06,-64299.,-22276.,-0.43386E+06,-0.20203E+06,-0.17665E+06,-68012.,-79112.,-0.15755E+06,-0.11931E+06,-0.48227E+06
9192.400000000,-5274.7,-0.26798E+06,-96405.,-5168.1,-18411.,-0.40548E+06,-0.18675E+06,-0.16872E+06,-66301.,-79086.,-0.15733E+06,-0.11997E+06,-0.48288E+06
9220.400000000,-7796.3,-0.25501E+06,-0.11956E+06,-41610.,-20793.,-0.38518E+06,-0.17778E+06,-0.16367E+06,-66862.,-78978.,-0.15711E+06,-0.12026E+06,-0.48315E+06
9251.400000000,-4310.8,-0.23423E+06,-87704.,-2834.7,-11597.,-0.35793E+06,-0.16268E+06,-0.15980E+06,-64672.,-78788.,-0.15686E+06,-0.12034E+06,-0.48327E+06
9281.400000000,11650.,-0.20605E+06,38301.,0.25749E+06,-22899.,-0.34582E+06,-0.15112E+06,-0.24459E+06,-65715.,-79029.,-0.15657E+06,-0.12126E+06,-0.48295E+06
9312.400000000,-14553.,-0.24097E+06,-92579.,-42901.,-43489.,-0.36986E+06,-0.16168E+06,-0.33706E+06,-0.10286E+06,-92144.,-0.15705E+06,-0.12176E+06,-0.48332E+06
9342.400000000,-34653.,-0.28405E+06,-0.20383E+06,-0.26593E+06,-54678.,-0.39587E+06,-0.17598E+06,-0.36604E+06,-0.11646E+06,-96646.,-0.15768E+06,-0.12201E+06,-0.48306E+06
9373.400000000,-45988.,-0.32640E+06,-0.24115E+06,-0.37858E+06,-90877.,-0.46155E+06,-0.21736E+06,-0.42992E+06,-0.12876E+06,-0.10029E+06,-0.15837E+06,-0.11974E+06,-0.48148E+06
9404.400000000,-45865.,-0.35927E+06,-0.24850E+06,-0.40197E+06,-0.10134E+06,-0.50596E+06,-0.24444E+06,-0.43684E+06,-0.12958E+06,-0.10019E+06,-0.15903E+06,-0.11775E+06,-0.48055E+06
9434.400000000,-40356.,-0.37042E+06,-0.21959E+06,-0.32462E+06,-96066.,-0.53113E+06,-0.25923E+06,-0.40938E+06,-0.11837E+06,-89486.,-0.15918E+06,-0.11758E+06,-0.48043E+06
9465.400000000,-30154.,-0.36318E+06,-0.21589E+06,-0.26354E+06,-68512.,-0.50845E+06,-0.24346E+06,-0.32384E+06,-0.10148E+06,-83918.,-0.15907E+06,-0.11912E+06,-0.48169E+06
9495.400000000,-16068.,-0.33032E+06,-0.16097E+06,-92741.,-34360.,-0.45902E+06,-0.21796E+06,-0.19931E+06,-75937.,-81351.,-0.15885E+06,-0.11911E+06,-0.48220E+06
9526.400000000,-10344.,-0.30205E+06,-0.13296E+06,-30544.,-25773.,-0.42385E+06,-0.20208E+06,-0.17794E+06,-70737.,-80964.,-0.15861E+06,-0.11988E+06,-0.48275E+06
9557.400000000,-7303.0,-0.27757E+06,-0.11585E+06,-38609.,-20390.,-0.39635E+06,-0.18804E+06,-0.16873E+06,-68716.,-80753.,-0.15837E+06,-0.12037E+06,-0.48307E+06
9586.400000000,-5210.2,-0.25556E+06,-92095.,4624.9,-18259.,-0.37379E+06,-0.17660E+06,-0.16309E+06,-67295.,-80525.,-0.15813E+06,-0.12056E+06,-0.48320E+06
9617.400000000,4960.5,-0.21925E+06,1536.2,0.17866E+06,-9275.3,-0.34594E+06,-0.15883E+06,-0.16024E+06,-63649.,-80318.,-0.15785E+06,-0.12058E+06,-0.48324E+06
9647.400000000,-200.29,-0.21994E+06,-8148.2,0.13493E+06,-19776.,-0.32306E+06,-0.13476E+06,-0.25440E+06,-82203.,-85796.,-0.15782E+06,-0.12193E+06,-0.48321E+06
9678.400000000,-23066.,-0.25717E+06,-0.15088E+06,-0.15960E+06,-50955.,-0.34835E+06,-0.14152E+06,-0.33408E+06,-0.10533E+06,-93829.,-0.15827E+06,-0.12192E+06,-0.48307E+06
9708.400000000,-44941.,-0.30909E+06,-0.23703E+06,-0.34413E+06,-87140.,-0.41479E+06,-0.18424E+06,-0.39852E+06,-0.12382E+06,-99389.,-0.15879E+06,-0.12085E+06,-0.48167E+06
9739.400000000,-44524.,-0.34057E+06,-0.21861E+06,-0.34991E+06,-97944.,-0.47264E+06,-0.22040E+06,-0.42110E+06,-0.12910E+06,-98260.,-0.15942E+06,-0.11912E+06,-0.48006E+06
9770.400000000,-42817.,-0.36768E+06,-0.22514E+06,-0.37652E+06,-94303.,-0.49771E+06,-0.23444E+06,-0.42027E+06,-0.12941E+06,-98516.,-0.15998E+06,-0.11725E+06,-0.47937E+06
9800.400000000,-33755.,-0.37495E+06,-0.21456E+06,-0.32902E+06,-88929.,-0.51685E+06,-0.24481E+06,-0.37564E+06,-0.11111E+06,-86042.,-0.15993E+06,-0.11687E+06,-0.47941E+06
9831.400000000,-21447.,-0.35713E+06,-0.19505E+06,-0.23343E+06,-66031.,-0.49480E+06,-0.22975E+06,-0.31428E+06,-93471.,-84820.,-0.15978E+06,-0.11826E+06,-0.48058E+06
9861.400000000,-11623.,-0.32486E+06,-0.14940E+06,-84499.,-32810.,-0.44805E+06,-0.20473E+06,-0.19555E+06,-74497.,-82175.,-0.15953E+06,-0.11892E+06,-0.48153E+06
9892.400000000,-8263.4,-0.29738E+06,-0.12592E+06,-52629.,-22194.,-0.41279E+06,-0.18690E+06,-0.17614E+06,-70633.,-81766.,-0.15927E+06,-0.11984E+06,-0.48223E+06
9923.400000000,-8501.2,-0.27502E+06,-0.11436E+06,-34523.,-23810.,-0.39492E+06,-0.18126E+06,-0.16789E+06,-69767.,-81544.,-0.15900E+06,-0.12036E+06,-0.48262E+06
9951.400000000,-5566.4,-0.25636E+06,-0.10612E+06,-24221.,-18730.,-0.36811E+06,-0.16947E+06,-0.16141E+06,-67764.,-81315.,-0.15875E+06,-0.12057E+06,-0.48279E+06
9982.400000000,-7033.9,-0.24132E+06,-0.10278E+06,-16458.,-17509.,-0.34502E+06,-0.15969E+06,-0.15819E+06,-68432.,-81154.,-0.15845E+06,-0.12057E+06,-0.48285E+06
10012.40000000,-21276.,-0.26070E+06,-0.11967E+06,-5392.3,-50048.,-0.37792E+06,-0.17203E+06,-0.27005E+06,-94820.,-87645.,-0.15858E+06,-0.12110E+06,-0.48293E+06
10043.40000000,-26416.,-0.29080E+06,-0.15867E+06,-0.17758E+06,-64285.,-0.40174E+06,-0.18234E+06,-0.34660E+06,-0.10484E+06,-82646.,-0.15830E+06,-0.11992E+06,-0.47941E+06
10073.40000000,-35150.,-0.31654E+06,-0.17911E+06,-0.27838E+06,-83851.,-0.44146E+06,-0.20355E+06,-0.40844E+06,-0.10635E+06,-77928.,-0.15781E+06,-0.11792E+06,-0.47521E+06
10104.40000000,-37276.,-0.32362E+06,-0.15488E+06,-0.31513E+06,-92712.,-0.48454E+06,-0.22834E+06,-0.40835E+06,-96891.,-71025.,-0.15714E+06,-0.11470E+06,-0.47050E+06
10135.40000000,-35612.,-0.33707E+06,-0.15900E+06,-0.32156E+06,-97667.,-0.51261E+06,-0.24278E+06,-0.42698E+06,-99071.,-71545.,-0.15664E+06,-0.11307E+06,-0.46991E+06
10165.40000000,-28242.,-0.34803E+06,-0.18901E+06,-0.17667E+06,-89645.,-0.53281E+06,-0.25019E+06,-0.37744E+06,-92941.,-67000.,-0.15604E+06,-0.11461E+06,-0.47037E+06
10196.40000000,-17606.,-0.33074E+06,-0.16550E+06,-85589.,-57721.,-0.49058E+06,-0.21992E+06,-0.28073E+06,-70156.,-69841.,-0.15574E+06,-0.11539E+06,-0.47391E+06
10226.40000000,-9956.0,-0.30163E+06,-0.12902E+06,-34671.,-32037.,-0.44914E+06,-0.20290E+06,-0.19321E+06,-62398.,-73200.,-0.15564E+06,-0.11642E+06,-0.47723E+06
10257.40000000,-8245.5,-0.27779E+06,-0.11423E+06,-29540.,-26635.,-0.41766E+06,-0.19099E+06,-0.17576E+06,-61488.,-74794.,-0.15555E+06,-0.11792E+06,-0.47917E+06
10288.40000000,-6665.3,-0.25715E+06,-0.10514E+06,-18306.,-22245.,-0.38863E+06,-0.17913E+06,-0.16666E+06,-60853.,-75642.,-0.15543E+06,-0.11884E+06,-0.48016E+06
10316.40000000,-4726.9,-0.24016E+06,-98138.,-21756.,-15438.,-0.36450E+06,-0.16762E+06,-0.16109E+06,-60085.,-76065.,-0.15530E+06,-0.11928E+06,-0.48063E+06
10347.40000000,-6147.6,-0.22581E+06,-92392.,-20973.,-8613.6,-0.33658E+06,-0.15038E+06,-0.15951E+06,-61060.,-76322.,-0.15513E+06,-0.11946E+06,-0.48089E+06
10377.40000000,-9566.9,-0.23338E+06,-77166.,43221.,-36735.,-0.35398E+06,-0.15813E+06,-0.25264E+06,-79878.,-79832.,-0.15515E+06,-0.12047E+06,-0.48114E+06
10408.40000000,-29835.,-0.27434E+06,-0.16242E+06,-0.19794E+06,-57219.,-0.37785E+06,-0.16742E+06,-0.34246E+06,-0.10443E+06,-87992.,-0.15558E+06,-0.11961E+06,-0.48042E+06
10438.40000000,-32724.,-0.29014E+06,-0.14264E+06,-0.23778E+06,-84273.,-0.42505E+06,-0.19579E+06,-0.40687E+06,-0.10447E+06,-84147.,-0.15580E+06,-0.11798E+06,-0.47854E+06
10469.40000000,-36751.,-0.30240E+06,-0.14036E+06,-0.27226E+06,-94451.,-0.48457E+06,-0.23158E+06,-0.40839E+06,-0.10026E+06,-80633.,-0.15583E+06,-0.11634E+06,-0.47566E+06
10500.40000000,-36427.,-0.32883E+06,-0.17928E+06,-0.33619E+06,-98923.,-0.51861E+06,-0.24722E+06,-0.43662E+06,-0.10277E+06,-76998.,-0.15572E+06,-0.11656E+06,-0.47566E+06
10530.40000000,-30119.,-0.34353E+06,-0.19340E+06,-0.29319E+06,-93493.,-0.53889E+06,-0.25442E+06,-0.40175E+06,-95401.,-72603.,-0.15557E+06,-0.11627E+06,-0.47465E+06
10561.40000000,-21884.,-0.33243E+06,-0.15475E+06,-0.14948E+06,-70225.,-0.51557E+06,-0.23528E+06,-0.32546E+06,-77284.,-66467.,-0.15495E+06,-0.11568E+06,-0.47306E+06
10591.40000000,-10949.,-0.30263E+06,-0.12410E+06,-51032.,-34559.,-0.46745E+06,-0.21175E+06,-0.20052E+06,-62537.,-71593.,-0.15481E+06,-0.11609E+06,-0.47625E+06
10622.40000000,-7706.5,-0.27742E+06,-0.10941E+06,-48057.,-23340.,-0.43667E+06,-0.19606E+06,-0.17958E+06,-60473.,-73474.,-0.15472E+06,-0.11771E+06,-0.47837E+06
10653.40000000,-5989.9,-0.25443E+06,-90569.,-12206.,-21471.,-0.40906E+06,-0.18363E+06,-0.17071E+06,-59886.,-74397.,-0.15462E+06,-0.11878E+06,-0.47947E+06
10681.40000000,-6559.6,-0.24017E+06,-0.10146E+06,-23142.,-11950.,-0.37249E+06,-0.16450E+06,-0.16456E+06,-60172.,-74854.,-0.15450E+06,-0.11930E+06,-0.47998E+06
10712.40000000,-7146.0,-0.22665E+06,-94510.,-11059.,-19073.,-0.35982E+06,-0.16268E+06,-0.16323E+06,-61110.,-75136.,-0.15435E+06,-0.11953E+06,-0.48023E+06
10742.40000000,-18653.,-0.25030E+06,-0.10561E+06,-49470.,-58511.,-0.39729E+06,-0.18330E+06,-0.29073E+06,-85834.,-78320.,-0.15435E+06,-0.12005E+06,-0.47887E+06
10773.40000000,-17436.,-0.27479E+06,-0.14315E+06,-0.14150E+06,-72063.,-0.42092E+06,-0.19333E+06,-0.36104E+06,-94628.,-77233.,-0.15414E+06,-0.11965E+06,-0.47711E+06
10803.40000000,-33700.,-0.29525E+06,-0.16450E+06,-0.25600E+06,-91518.,-0.46341E+06,-0.21539E+06,-0.40639E+06,-98139.,-76382.,-0.15398E+06,-0.11717E+06,-0.47345E+06
10834.40000000,-28541.,-0.31305E+06,-0.15985E+06,-0.28439E+06,-93882.,-0.50214E+06,-0.23638E+06,-0.43485E+06,-99477.,-76555.,-0.15411E+06,-0.11668E+06,-0.47432E+06
10865.40000000,-32703.,-0.32853E+06,-0.16929E+06,-0.28950E+06,-94122.,-0.52528E+06,-0.24681E+06,-0.43687E+06,-96917.,-72082.,-0.15397E+06,-0.11441E+06,-0.47235E+06
10895.40000000,-25151.,-0.33761E+06,-0.18179E+06,-0.27557E+06,-85642.,-0.53718E+06,-0.25200E+06,-0.38017E+06,-89501.,-69632.,-0.15386E+06,-0.11489E+06,-0.47248E+06
10926.40000000,-20290.,-0.32871E+06,-0.15739E+06,-0.13731E+06,-68751.,-0.51804E+06,-0.23521E+06,-0.32193E+06,-81089.,-69997.,-0.15367E+06,-0.11696E+06,-0.47460E+06
10956.40000000,-10700.,-0.29827E+06,-0.12381E+06,-38751.,-35812.,-0.47207E+06,-0.21106E+06,-0.19923E+06,-62798.,-71514.,-0.15360E+06,-0.11735E+06,-0.47661E+06
10987.40000000,-7136.5,-0.27096E+06,-0.10158E+06,-50340.,-24079.,-0.44305E+06,-0.19727E+06,-0.17900E+06,-59730.,-72635.,-0.15355E+06,-0.11846E+06,-0.47802E+06
