time,DRN01,DRN02,DRN03,DRN04,DRN05,DRN06,DRN07,DRN08,DRN09,DRN10,DRN11,DRN12,DRN13,DRN14,DRN15,DRN16,DRN17,DRN18
30.40000000000,-5091.4,-43437.,-6903.0,-89112.,-0.24794E+06,-24315.,-0.12524E+06,-0.14599E+06,-0.67364E+06,-9011.2,-0.27460E+06,-0.22060E+06,-0.39705E+06,-0.26082E+06,-0.12279E+06,-0.12880E+06,-0.17001E+06,-89335.
61.40000000000,-4986.4,-41768.,-6536.5,-84775.,-0.23489E+06,-23829.,-0.11419E+06,-0.12791E+06,-0.59203E+06,-8484.1,-0.23817E+06,-0.14685E+06,-0.36819E+06,-0.22709E+06,-0.11740E+06,-77925.,-0.13878E+06,-83745.
89.40000000000,-4895.6,-40457.,-6261.6,-81082.,-0.22450E+06,-23418.,-0.10677E+06,-0.11721E+06,-0.55491E+06,-8101.4,-0.22562E+06,-0.12108E+06,-0.35408E+06,-0.20231E+06,-0.11274E+06,-55051.,-0.12195E+06,-79018.
120.4000000000,-4804.8,-39220.,-5995.5,-77253.,-0.21456E+06,-23005.,-0.10057E+06,-0.10918E+06,-0.53331E+06,-7778.7,-0.21907E+06,-0.10957E+06,-0.33316E+06,-0.18003E+06,-0.10784E+06,-44270.,-0.11082E+06,-74181.
150.4000000000,-4797.6,-38653.,-5976.7,-75612.,-0.21493E+06,-22891.,-0.10067E+06,-0.11006E+06,-0.60994E+06,-7333.8,-0.23902E+06,-0.12805E+06,-0.33774E+06,-0.18151E+06,-0.10556E+06,-71829.,-0.13861E+06,-72438.
181.4000000000,-4876.4,-40479.,-6251.1,-77020.,-0.22541E+06,-23580.,-0.11781E+06,-0.12323E+06,-0.71634E+06,-7490.4,-0.29285E+06,-0.20154E+06,-0.36360E+06,-0.21443E+06,-0.10573E+06,-0.13403E+06,-0.18945E+06,-74724.
211.4000000000,-4935.0,-41901.,-6476.1,-78494.,-0.23526E+06,-24449.,-0.12989E+06,-0.13208E+06,-0.78523E+06,-6752.0,-0.34176E+06,-0.24132E+06,-0.39418E+06,-0.24348E+06,-0.10734E+06,-0.17595E+06,-0.23210E+06,-78419.
242.4000000000,-4975.8,-43567.,-6766.5,-81140.,-0.24744E+06,-25075.,-0.14445E+06,-0.14330E+06,-0.81961E+06,-7061.6,-0.36680E+06,-0.25279E+06,-0.41667E+06,-0.26781E+06,-0.11089E+06,-0.18760E+06,-0.25312E+06,-82997.
273.4000000000,-5001.8,-44854.,-6980.6,-82740.,-0.25623E+06,-25608.,-0.15442E+06,-0.14850E+06,-0.82579E+06,-7205.3,-0.37984E+06,-0.25396E+06,-0.43349E+06,-0.28480E+06,-0.11213E+06,-0.18970E+06,-0.26528E+06,-85732.
303.4000000000,-5071.2,-45220.,-7028.3,-83435.,-0.25746E+06,-25683.,-0.15057E+06,-0.15087E+06,-0.77314E+06,-7634.2,-0.35145E+06,-0.26396E+06,-0.43691E+06,-0.28554E+06,-0.11309E+06,-0.16306E+06,-0.24342E+06,-87478.
334.4000000000,-5001.4,-43545.,-6699.4,-79811.,-0.24761E+06,-25105.,-0.13776E+06,-0.13127E+06,-0.70361E+06,-6934.3,-0.30306E+06,-0.16506E+06,-0.41411E+06,-0.25246E+06,-0.10775E+06,-0.10045E+06,-0.21139E+06,-84229.
364.4000000000,-4907.7,-41911.,-6371.6,-76023.,-0.23318E+06,-24563.,-0.12468E+06,-0.11812E+06,-0.60937E+06,-6851.8,-0.26140E+06,-0.12322E+06,-0.38199E+06,-0.22012E+06,-0.10299E+06,-64146.,-0.16557E+06,-78739.
395.4000000000,-4815.6,-40457.,-6066.1,-72399.,-0.22064E+06,-24052.,-0.11473E+06,-0.10872E+06,-0.56232E+06,-6844.2,-0.23638E+06,-0.10220E+06,-0.35185E+06,-0.19322E+06,-98462.,-47739.,-0.13811E+06,-73617.
426.4000000000,-4725.2,-39195.,-5785.1,-68982.,-0.20979E+06,-23576.,-0.10736E+06,-0.10190E+06,-0.53319E+06,-6801.2,-0.21871E+06,-89837.,-0.32940E+06,-0.17173E+06,-94308.,-40048.,-0.12097E+06,-68900.
454.4000000000,-4644.8,-38126.,-5549.1,-66035.,-0.20111E+06,-23168.,-0.10172E+06,-96626.,-0.51417E+06,-6753.7,-0.20738E+06,-82842.,-0.31194E+06,-0.15556E+06,-90764.,-35997.,-0.11030E+06,-64920.
485.4000000000,-4557.3,-36994.,-5309.4,-62944.,-0.19275E+06,-22743.,-96469.,-91660.,-0.49922E+06,-6675.5,-0.19615E+06,-77898.,-0.29683E+06,-0.14093E+06,-87033.,-33729.,-0.10239E+06,-60849.
515.4000000000,-4530.1,-36375.,-5320.5,-61887.,-0.19236E+06,-22606.,-97710.,-92826.,-0.56785E+06,-5659.6,-0.21715E+06,-96569.,-0.30114E+06,-0.15152E+06,-84255.,-64860.,-0.13194E+06,-59939.
546.4000000000,-4623.9,-38797.,-5651.4,-63863.,-0.20483E+06,-23297.,-0.11688E+06,-0.10608E+06,-0.68330E+06,-5569.1,-0.27419E+06,-0.18546E+06,-0.33154E+06,-0.18852E+06,-84145.,-0.12562E+06,-0.18592E+06,-62384.
576.4000000000,-4675.4,-40119.,-5800.0,-64757.,-0.21152E+06,-23981.,-0.13067E+06,-0.10952E+06,-0.70468E+06,-4977.1,-0.29644E+06,-0.20734E+06,-0.35779E+06,-0.20798E+06,-84937.,-0.15102E+06,-0.21693E+06,-65532.
607.4000000000,-4699.9,-41059.,-6002.5,-66045.,-0.22113E+06,-24534.,-0.14097E+06,-0.11353E+06,-0.74177E+06,-4778.7,-0.32530E+06,-0.20876E+06,-0.37904E+06,-0.22337E+06,-85835.,-0.16124E+06,-0.24135E+06,-68923.
638.4000000000,-4723.7,-41585.,-6176.2,-66664.,-0.22548E+06,-25000.,-0.14459E+06,-0.11545E+06,-0.73139E+06,-4379.6,-0.32880E+06,-0.20454E+06,-0.39290E+06,-0.23974E+06,-85618.,-0.17022E+06,-0.24394E+06,-71184.
668.4000000000,-4727.7,-41596.,-6232.5,-65795.,-0.22781E+06,-25100.,-0.14204E+06,-0.11427E+06,-0.70957E+06,-4129.7,-0.31998E+06,-0.18275E+06,-0.39220E+06,-0.24485E+06,-83094.,-0.15827E+06,-0.23317E+06,-70885.
699.4000000000,-4648.1,-39685.,-6007.2,-62986.,-0.21787E+06,-24510.,-0.12327E+06,-0.10601E+06,-0.59811E+06,-3732.7,-0.25973E+06,-0.12286E+06,-0.36951E+06,-0.22218E+06,-79309.,-0.10522E+06,-0.19400E+06,-67873.
729.4000000000,-4554.7,-38266.,-5715.1,-59976.,-0.20536E+06,-23958.,-0.11214E+06,-98476.,-0.53829E+06,-3835.8,-0.22953E+06,-93019.,-0.34374E+06,-0.19411E+06,-75964.,-64861.,-0.15353E+06,-63362.
760.4000000000,-4465.1,-37059.,-5443.2,-57073.,-0.19466E+06,-23442.,-0.10439E+06,-92172.,-0.50604E+06,-3991.3,-0.20963E+06,-78989.,-0.32249E+06,-0.17064E+06,-72835.,-46168.,-0.12926E+06,-59195.
791.4000000000,-4378.8,-35945.,-5192.3,-54324.,-0.18543E+06,-22964.,-97993.,-86797.,-0.48496E+06,-4094.9,-0.19515E+06,-71500.,-0.30382E+06,-0.15147E+06,-69948.,-38117.,-0.11405E+06,-55376.
820.4000000000,-4299.7,-34966.,-4973.6,-51862.,-0.17781E+06,-22544.,-93244.,-82403.,-0.47019E+06,-4134.7,-0.18436E+06,-67097.,-0.28461E+06,-0.13653E+06,-67586.,-34156.,-0.10421E+06,-52052.
851.4000000000,-4217.3,-33979.,-4760.9,-49375.,-0.17082E+06,-22125.,-89028.,-78421.,-0.45917E+06,-4129.7,-0.17689E+06,-64266.,-0.26938E+06,-0.12399E+06,-65206.,-32022.,-97375.,-48788.
881.4000000000,-4220.6,-33826.,-4883.2,-49764.,-0.17739E+06,-22225.,-90696.,-84896.,-0.55609E+06,-4055.7,-0.20073E+06,-0.10319E+06,-0.27979E+06,-0.14081E+06,-64462.,-63882.,-0.12915E+06,-49189.
912.4000000000,-4286.9,-35548.,-5141.0,-51403.,-0.18832E+06,-23006.,-0.10892E+06,-93881.,-0.66483E+06,-3552.7,-0.25459E+06,-0.16547E+06,-0.30716E+06,-0.16774E+06,-64244.,-0.11035E+06,-0.17637E+06,-51851.
942.4000000000,-4334.6,-36870.,-5315.4,-52738.,-0.19461E+06,-23729.,-0.12283E+06,-98811.,-0.69128E+06,-2915.3,-0.28083E+06,-0.19648E+06,-0.33302E+06,-0.18958E+06,-64722.,-0.14124E+06,-0.20835E+06,-54602.
973.4000000000,-4335.9,-36792.,-5413.6,-53746.,-0.19808E+06,-24104.,-0.12105E+06,-99124.,-0.65613E+06,-2580.8,-0.27194E+06,-0.17587E+06,-0.34966E+06,-0.20226E+06,-65252.,-0.14808E+06,-0.21545E+06,-57147.
1004.400000000,-4331.2,-36612.,-5574.3,-54174.,-0.20245E+06,-24370.,-0.11840E+06,-0.10122E+06,-0.66002E+06,-2364.2,-0.27954E+06,-0.17815E+06,-0.35931E+06,-0.21244E+06,-65287.,-0.14935E+06,-0.21235E+06,-59103.
1034.400000000,-4315.6,-35321.,-5592.4,-53256.,-0.20140E+06,-24389.,-0.10359E+06,-99003.,-0.59436E+06,-2289.7,-0.24399E+06,-0.15711E+06,-0.35442E+06,-0.21697E+06,-63803.,-0.13822E+06,-0.19601E+06,-58909.
1065.400000000,-4239.5,-33574.,-5327.2,-50928.,-0.19349E+06,-23815.,-90551.,-90226.,-0.50162E+06,-1819.6,-0.19822E+06,-0.10014E+06,-0.33467E+06,-0.19597E+06,-60756.,-89516.,-0.16927E+06,-56520.
1095.400000000,-4148.2,-32473.,-5088.9,-48362.,-0.18290E+06,-23257.,-84323.,-83842.,-0.46631E+06,-1880.6,-0.18076E+06,-76760.,-0.32103E+06,-0.17111E+06,-58326.,-55607.,-0.13682E+06,-52711.
1126.400000000,-4061.1,-31515.,-4862.9,-45901.,-0.17381E+06,-22737.,-80337.,-78704.,-0.44833E+06,-1999.7,-0.16867E+06,-66341.,-0.29926E+06,-0.15037E+06,-56098.,-41160.,-0.11717E+06,-49218.
1157.400000000,-3977.8,-30636.,-4654.1,-43812.,-0.16603E+06,-22256.,-76946.,-74342.,-0.43591E+06,-2088.7,-0.15972E+06,-61397.,-0.28175E+06,-0.13349E+06,-54054.,-34866.,-0.10472E+06,-46029.
1185.400000000,-3904.4,-29881.,-4477.2,-42033.,-0.15978E+06,-21849.,-74315.,-70867.,-0.42683E+06,-2136.5,-0.15442E+06,-58830.,-0.26762E+06,-0.12120E+06,-52346.,-31782.,-97125.,-43349.
1216.400000000,-3825.5,-29085.,-4297.1,-40163.,-0.15376E+06,-21424.,-71775.,-67700.,-0.41932E+06,-2212.2,-0.15074E+06,-56921.,-0.25941E+06,-0.11056E+06,-50573.,-29889.,-91532.,-40763.
1246.400000000,-3803.2,-28527.,-4284.2,-39813.,-0.15563E+06,-21105.,-72830.,-69185.,-0.46851E+06,-2213.3,-0.16290E+06,-62687.,-0.26477E+06,-0.11140E+06,-50460.,-40353.,-0.11769E+06,-41100.
1277.400000000,-3881.7,-30287.,-4543.3,-41733.,-0.16983E+06,-21859.,-90008.,-79031.,-0.61164E+06,-2196.0,-0.22505E+06,-0.12805E+06,-0.29524E+06,-0.13737E+06,-51915.,-88096.,-0.18104E+06,-44315.
1307.400000000,-3935.2,-31916.,-4752.8,-43809.,-0.18044E+06,-22577.,-0.10579E+06,-86661.,-0.68339E+06,-2031.6,-0.27428E+06,-0.17024E+06,-0.32687E+06,-0.16223E+06,-54348.,-0.12958E+06,-0.22000E+06,-48346.
1338.400000000,-3975.9,-33178.,-4939.6,-46213.,-0.19035E+06,-23259.,-0.11827E+06,-93233.,-0.70721E+06,-2247.2,-0.29566E+06,-0.18755E+06,-0.35143E+06,-0.17813E+06,-57797.,-0.14255E+06,-0.24359E+06,-52562.
1369.400000000,-4022.9,-34556.,-5238.3,-49093.,-0.20123E+06,-23674.,-0.12698E+06,-0.10111E+06,-0.72673E+06,-2693.2,-0.30967E+06,-0.19175E+06,-0.37113E+06,-0.20444E+06,-61714.,-0.16246E+06,-0.25344E+06,-56974.
1399.400000000,-4059.4,-35155.,-5338.6,-49724.,-0.20496E+06,-23974.,-0.12884E+06,-0.10137E+06,-0.68930E+06,-2666.5,-0.29781E+06,-0.18005E+06,-0.37553E+06,-0.21149E+06,-61758.,-0.14963E+06,-0.24287E+06,-57942.
1430.400000000,-4017.8,-33546.,-5102.9,-47754.,-0.19358E+06,-23534.,-0.11022E+06,-91584.,-0.56618E+06,-2162.9,-0.23617E+06,-0.12163E+06,-0.35665E+06,-0.18953E+06,-59235.,-92730.,-0.19967E+06,-54991.
1460.400000000,-3934.8,-32347.,-4872.2,-45416.,-0.18228E+06,-22992.,-99070.,-83875.,-0.50566E+06,-2195.3,-0.20741E+06,-84995.,-0.32785E+06,-0.16523E+06,-56879.,-56678.,-0.15590E+06,-51252.
1491.400000000,-3855.0,-31408.,-4655.3,-43202.,-0.17263E+06,-22485.,-91608.,-77847.,-0.47433E+06,-2313.5,-0.18860E+06,-69609.,-0.30165E+06,-0.14497E+06,-54692.,-41534.,-0.12972E+06,-47812.
1522.400000000,-3778.2,-30539.,-4454.9,-41133.,-0.16438E+06,-22016.,-85768.,-72902.,-0.45445E+06,-2400.1,-0.17493E+06,-62350.,-0.28301E+06,-0.12843E+06,-52652.,-35048.,-0.11345E+06,-44668.
1550.400000000,-3710.2,-29788.,-4285.9,-39444.,-0.15786E+06,-21617.,-81738.,-69061.,-0.44122E+06,-2436.8,-0.16522E+06,-58581.,-0.26802E+06,-0.11639E+06,-50949.,-31788.,-0.10332E+06,-42027.
1581.400000000,-3638.8,-29021.,-4124.6,-37891.,-0.15197E+06,-21209.,-78266.,-66283.,-0.43770E+06,-2447.3,-0.16713E+06,-56726.,-0.25710E+06,-0.10633E+06,-49250.,-30092.,-96283.,-39560.
1611.400000000,-3747.7,-30432.,-4374.2,-39829.,-0.16106E+06,-21566.,-89716.,-78595.,-0.56038E+06,-2687.2,-0.20918E+06,-0.12670E+06,-0.27555E+06,-0.12798E+06,-51587.,-66229.,-0.14033E+06,-42486.
1642.400000000,-3893.9,-32860.,-4666.7,-42720.,-0.17409E+06,-22408.,-0.10858E+06,-89610.,-0.65059E+06,-2479.2,-0.25646E+06,-0.18535E+06,-0.30020E+06,-0.15795E+06,-52817.,-0.11005E+06,-0.17756E+06,-45333.
1672.400000000,-3933.6,-33751.,-4880.1,-44023.,-0.18255E+06,-22977.,-0.11912E+06,-92293.,-0.67281E+06,-1650.5,-0.27996E+06,-0.18994E+06,-0.32131E+06,-0.17803E+06,-53448.,-0.13899E+06,-0.20358E+06,-48585.
1703.400000000,-3968.1,-34492.,-5141.8,-45798.,-0.19268E+06,-23741.,-0.12527E+06,-97214.,-0.70212E+06,-1424.5,-0.30328E+06,-0.20659E+06,-0.34092E+06,-0.19935E+06,-55138.,-0.15592E+06,-0.22708E+06,-51909.
1734.400000000,-4006.3,-35226.,-5384.1,-47618.,-0.20003E+06,-24186.,-0.13063E+06,-0.10241E+06,-0.71058E+06,-1400.7,-0.31199E+06,-0.20306E+06,-0.35428E+06,-0.21935E+06,-56445.,-0.16231E+06,-0.23501E+06,-54045.
1764.400000000,-4005.3,-35111.,-5428.8,-47323.,-0.20126E+06,-24313.,-0.12536E+06,-99354.,-0.66582E+06,-1163.9,-0.29205E+06,-0.17101E+06,-0.35395E+06,-0.22188E+06,-55844.,-0.14576E+06,-0.22356E+06,-54320.
1795.400000000,-3946.8,-33460.,-5229.0,-45524.,-0.19128E+06,-23886.,-0.10731E+06,-90060.,-0.54487E+06,-802.05,-0.22781E+06,-0.11845E+06,-0.33607E+06,-0.20118E+06,-53473.,-97152.,-0.18836E+06,-51930.
1825.400000000,-3862.9,-32272.,-4984.5,-43367.,-0.17958E+06,-23323.,-97569.,-82804.,-0.48793E+06,-920.08,-0.20078E+06,-83363.,-0.31152E+06,-0.17418E+06,-51337.,-58266.,-0.14748E+06,-48356.
1856.400000000,-3782.7,-31318.,-4753.4,-41307.,-0.16959E+06,-22795.,-90677.,-76908.,-0.45858E+06,-1093.3,-0.18288E+06,-68610.,-0.28899E+06,-0.15167E+06,-49380.,-41979.,-0.12323E+06,-45054.
1887.400000000,-3705.6,-30433.,-4539.9,-39554.,-0.16112E+06,-22306.,-85230.,-71957.,-0.43966E+06,-1228.2,-0.16998E+06,-61357.,-0.27104E+06,-0.13333E+06,-47561.,-34973.,-0.10828E+06,-42204.
1915.400000000,-3637.6,-29672.,-4360.1,-38123.,-0.15442E+06,-21890.,-81486.,-68332.,-0.42682E+06,-1312.5,-0.16083E+06,-57529.,-0.25553E+06,-0.11998E+06,-46006.,-31413.,-98990.,-39903.
1946.400000000,-3563.8,-28870.,-4176.5,-36619.,-0.14806E+06,-21458.,-78083.,-65229.,-0.41821E+06,-1392.3,-0.15569E+06,-54861.,-0.24466E+06,-0.10860E+06,-44380.,-29580.,-92175.,-37553.
1976.400000000,-3605.0,-29598.,-4310.7,-37247.,-0.15324E+06,-21761.,-84578.,-71248.,-0.50730E+06,-1500.2,-0.18369E+06,-94599.,-0.25581E+06,-0.12459E+06,-44046.,-57379.,-0.12910E+06,-38405.
2007.400000000,-3737.8,-32331.,-4612.0,-39298.,-0.16755E+06,-22926.,-0.10144E+06,-82728.,-0.61347E+06,-1439.7,-0.22974E+06,-0.15649E+06,-0.27899E+06,-0.15851E+06,-44431.,-0.10535E+06,-0.17083E+06,-41339.
2037.400000000,-3807.5,-34281.,-4853.5,-41104.,-0.17923E+06,-23401.,-0.11472E+06,-89726.,-0.66412E+06,-1113.1,-0.26410E+06,-0.17957E+06,-0.30113E+06,-0.18632E+06,-45318.,-0.14175E+06,-0.20622E+06,-44634.
2068.400000000,-3820.1,-34361.,-4956.3,-42445.,-0.18562E+06,-23731.,-0.11606E+06,-89808.,-0.66306E+06,-697.85,-0.27291E+06,-0.17006E+06,-0.31975E+06,-0.19814E+06,-46474.,-0.15038E+06,-0.21893E+06,-47591.
2099.400000000,-3829.4,-33810.,-5040.8,-43215.,-0.18715E+06,-23919.,-0.11333E+06,-88470.,-0.60328E+06,-420.39,-0.25634E+06,-0.15271E+06,-0.33188E+06,-0.20615E+06,-46726.,-0.15102E+06,-0.21619E+06,-49885.
2129.400000000,-3805.1,-32559.,-5083.5,-42823.,-0.18693E+06,-23670.,-0.10040E+06,-85369.,-0.53910E+06,-329.45,-0.23195E+06,-0.12074E+06,-0.33064E+06,-0.21149E+06,-46365.,-0.14177E+06,-0.20309E+06,-50850.
2160.400000000,-3744.2,-30994.,-4989.2,-41457.,-0.18424E+06,-23112.,-86823.,-80659.,-0.48325E+06,-183.54,-0.19674E+06,-92248.,-0.31876E+06,-0.19546E+06,-44418.,-0.10036E+06,-0.17983E+06,-50371.
2190.400000000,-3654.5,-29845.,-4767.9,-39770.,-0.17308E+06,-22507.,-79886.,-74442.,-0.44303E+06,-286.61,-0.17662E+06,-68761.,-0.30019E+06,-0.16890E+06,-42579.,-58549.,-0.14133E+06,-47098.
2221.400000000,-3572.2,-28868.,-4557.7,-38145.,-0.16358E+06,-21958.,-75716.,-69639.,-0.42331E+06,-415.81,-0.16287E+06,-58541.,-0.27822E+06,-0.14676E+06,-40901.,-41536.,-0.11858E+06,-44063.
2252.400000000,-3494.8,-28015.,-4361.3,-36607.,-0.15553E+06,-21459.,-72309.,-66080.,-0.41036E+06,-516.63,-0.15248E+06,-53844.,-0.25928E+06,-0.12902E+06,-39355.,-34391.,-0.10451E+06,-41282.
2281.400000000,-3424.7,-27287.,-4188.8,-35231.,-0.14893E+06,-21027.,-69571.,-63107.,-0.40082E+06,-584.22,-0.14574E+06,-51300.,-0.24722E+06,-0.11572E+06,-37996.,-30736.,-95668.,-38866.
2312.400000000,-3344.4,-26549.,-4019.5,-33842.,-0.14284E+06,-20596.,-67047.,-60338.,-0.39315E+06,-627.09,-0.14083E+06,-49536.,-0.23222E+06,-0.10519E+06,-36635.,-29258.,-89691.,-36508.
2342.400000000,-3334.3,-26897.,-4135.2,-34196.,-0.14783E+06,-20482.,-75517.,-64158.,-0.48239E+06,-436.28,-0.16586E+06,-69799.,-0.24611E+06,-0.11803E+06,-36121.,-56701.,-0.12850E+06,-37470.
2373.400000000,-3371.1,-27186.,-4260.2,-35339.,-0.15469E+06,-20954.,-84325.,-67772.,-0.53294E+06,0.0000,-0.19267E+06,-0.10927E+06,-0.26772E+06,-0.14072E+06,-36480.,-97206.,-0.17381E+06,-39856.
2403.400000000,-3430.8,-27826.,-4385.2,-36268.,-0.15643E+06,-21566.,-91699.,-70267.,-0.54046E+06,0.0000,-0.20753E+06,-0.13110E+06,-0.28700E+06,-0.15421E+06,-36870.,-0.11544E+06,-0.18921E+06,-41652.
2434.400000000,-3430.5,-27622.,-4444.2,-36883.,-0.15508E+06,-21598.,-91732.,-70158.,-0.51460E+06,0.0000,-0.20764E+06,-0.11399E+06,-0.29641E+06,-0.16200E+06,-36921.,-0.11689E+06,-0.18831E+06,-42405.
2465.400000000,-3372.3,-25992.,-4499.7,-36681.,-0.15193E+06,-21442.,-74279.,-67313.,-0.45410E+06,0.0000,-0.17066E+06,-94284.,-0.28563E+06,-0.17235E+06,-34547.,-0.11429E+06,-0.16002E+06,-42156.
2495.400000000,-3307.9,-24436.,-4490.7,-35948.,-0.14954E+06,-21341.,-61750.,-65934.,-0.40412E+06,0.0000,-0.14559E+06,-93003.,-0.27793E+06,-0.17285E+06,-32822.,-0.10208E+06,-0.14996E+06,-41411.
2526.400000000,-3250.9,-23544.,-4419.4,-34826.,-0.14851E+06,-21162.,-56918.,-64096.,-0.38966E+06,0.0000,-0.13583E+06,-86364.,-0.26983E+06,-0.16063E+06,-31570.,-76954.,-0.14342E+06,-40690.
2556.400000000,-3164.2,-22740.,-4226.0,-33317.,-0.14099E+06,-20603.,-54036.,-60582.,-0.36806E+06,0.0000,-0.12819E+06,-60254.,-0.25473E+06,-0.13902E+06,-30396.,-47517.,-0.11681E+06,-38040.
2587.400000000,-3083.0,-22034.,-4041.2,-31861.,-0.13465E+06,-20088.,-51918.,-58045.,-0.35796E+06,0.0000,-0.12327E+06,-49394.,-0.24315E+06,-0.12152E+06,-29348.,-36145.,-0.10100E+06,-35613.
2618.400000000,-3006.6,-21393.,-3868.3,-30483.,-0.12919E+06,-19618.,-50158.,-56059.,-0.35175E+06,0.0000,-0.11962E+06,-44363.,-0.23268E+06,-0.10841E+06,-28432.,-30995.,-91475.,-33470.
2646.400000000,-2939.9,-20848.,-3721.3,-29291.,-0.12483E+06,-19224.,-48736.,-54429.,-0.34711E+06,0.0000,-0.11686E+06,-42031.,-0.22229E+06,-99108.,-27665.,-28769.,-85553.,-31682.
2677.400000000,-2870.7,-20290.,-3572.3,-28041.,-0.12064E+06,-18828.,-47426.,-52890.,-0.34376E+06,0.0000,-0.11467E+06,-40751.,-0.21716E+06,-90781.,-26887.,-27359.,-81135.,-29880.
2707.400000000,-2983.5,-20865.,-3600.3,-27843.,-0.12256E+06,-19305.,-52664.,-55725.,-0.41413E+06,0.0000,-0.13122E+06,-62853.,-0.22197E+06,-88943.,-27425.,-31441.,-98631.,-29867.
2738.400000000,-3049.5,-21793.,-3811.0,-29058.,-0.13394E+06,-19669.,-64197.,-61893.,-0.54272E+06,0.0000,-0.17769E+06,-0.10014E+06,-0.24613E+06,-0.10487E+06,-29091.,-60339.,-0.15424E+06,-32804.
2768.400000000,-3200.8,-24053.,-4162.8,-32264.,-0.15009E+06,-20093.,-77099.,-73275.,-0.60636E+06,-19.250,-0.20662E+06,-0.15382E+06,-0.27321E+06,-0.14162E+06,-32637.,-0.10557E+06,-0.18807E+06,-37818.
2799.400000000,-3256.1,-25733.,-4437.6,-34686.,-0.16381E+06,-20481.,-90363.,-81545.,-0.65938E+06,-102.64,-0.23839E+06,-0.16658E+06,-0.29525E+06,-0.16575E+06,-36296.,-0.13395E+06,-0.21305E+06,-42231.
2830.400000000,-3308.3,-26751.,-4642.3,-36330.,-0.17476E+06,-20818.,-99353.,-85484.,-0.68126E+06,-64.001,-0.25542E+06,-0.16563E+06,-0.31488E+06,-0.18148E+06,-38888.,-0.14483E+06,-0.23135E+06,-45936.
2860.400000000,-3328.3,-26782.,-4708.0,-36618.,-0.17862E+06,-20934.,-0.10144E+06,-83957.,-0.66804E+06,0.0000,-0.25480E+06,-0.14732E+06,-0.32434E+06,-0.18400E+06,-39296.,-0.13532E+06,-0.23085E+06,-47792.
2891.400000000,-3245.6,-25102.,-4535.8,-35373.,-0.17256E+06,-20331.,-85438.,-76299.,-0.54466E+06,0.0000,-0.20196E+06,-91710.,-0.31105E+06,-0.16520E+06,-37925.,-86752.,-0.20027E+06,-46553.
2921.400000000,-3147.0,-24026.,-4317.7,-33751.,-0.16112E+06,-19759.,-74935.,-69693.,-0.46800E+06,0.0000,-0.17091E+06,-65357.,-0.28624E+06,-0.14268E+06,-36344.,-50847.,-0.15187E+06,-43429.
2952.400000000,-3050.6,-23209.,-4118.4,-32219.,-0.15140E+06,-19258.,-68154.,-64952.,-0.42974E+06,0.0000,-0.15203E+06,-53519.,-0.26630E+06,-0.12428E+06,-34892.,-37697.,-0.12389E+06,-40642.
2983.400000000,-2971.1,-22491.,-3936.3,-30791.,-0.14332E+06,-18815.,-63098.,-60983.,-0.40703E+06,0.0000,-0.14631E+06,-48026.,-0.25029E+06,-0.11018E+06,-33608.,-31792.,-0.10705E+06,-38097.
3011.400000000,-2902.8,-21898.,-3783.2,-29569.,-0.13715E+06,-18450.,-59833.,-58317.,-0.39254E+06,-63.705,-0.13835E+06,-45276.,-0.23745E+06,-0.10060E+06,-32538.,-29404.,-96880.,-35961.
3042.400000000,-2831.3,-21299.,-3630.5,-28323.,-0.13141E+06,-18085.,-56973.,-56241.,-0.38260E+06,-210.46,-0.13390E+06,-43725.,-0.22221E+06,-92059.,-31468.,-28151.,-90026.,-33821.
3072.400000000,-2878.4,-22424.,-3819.9,-30029.,-0.13884E+06,-18500.,-66647.,-62699.,-0.48833E+06,-425.06,-0.16403E+06,-87106.,-0.23706E+06,-0.10805E+06,-32964.,-54724.,-0.13253E+06,-35732.
3103.400000000,-2997.0,-24475.,-4169.6,-33059.,-0.15384E+06,-19356.,-82006.,-74151.,-0.59072E+06,-354.74,-0.20953E+06,-0.14389E+06,-0.26636E+06,-0.14272E+06,-34386.,-0.10194E+06,-0.17827E+06,-39270.
3133.400000000,-3047.1,-25549.,-4368.0,-34785.,-0.16328E+06,-19735.,-93606.,-78913.,-0.63054E+06,-179.82,-0.23888E+06,-0.15439E+06,-0.28969E+06,-0.16408E+06,-36621.,-0.13125E+06,-0.21411E+06,-42785.
3164.400000000,-3071.8,-26028.,-4534.3,-36381.,-0.17007E+06,-19997.,-99482.,-81075.,-0.61697E+06,0.0000,-0.24336E+06,-0.15452E+06,-0.31408E+06,-0.17801E+06,-38669.,-0.14380E+06,-0.23713E+06,-46335.
3195.400000000,-3090.5,-26043.,-4710.2,-37576.,-0.17343E+06,-20163.,-0.10050E+06,-82520.,-0.58714E+06,0.0000,-0.24232E+06,-0.14681E+06,-0.33338E+06,-0.19154E+06,-39251.,-0.15205E+06,-0.25290E+06,-48837.
3225.400000000,-3054.6,-24647.,-4800.4,-37896.,-0.17224E+06,-20160.,-83929.,-80880.,-0.52564E+06,0.0000,-0.20615E+06,-0.12744E+06,-0.33679E+06,-0.20079E+06,-37482.,-0.14714E+06,-0.23602E+06,-48874.
3256.400000000,-2998.3,-23417.,-4670.9,-36543.,-0.16883E+06,-19923.,-69391.,-72122.,-0.45451E+06,0.0000,-0.16739E+06,-90956.,-0.32065E+06,-0.18673E+06,-35838.,-98141.,-0.19583E+06,-47811.
3286.400000000,-2905.5,-22494.,-4471.1,-34905.,-0.15843E+06,-19365.,-62385.,-67499.,-0.41147E+06,0.0000,-0.14953E+06,-63495.,-0.30061E+06,-0.15989E+06,-34323.,-55965.,-0.15119E+06,-44643.
3317.400000000,-2821.6,-21731.,-4272.9,-33353.,-0.14971E+06,-18866.,-58237.,-63645.,-0.39122E+06,0.0000,-0.13788E+06,-52095.,-0.27981E+06,-0.13763E+06,-32950.,-40097.,-0.12498E+06,-41743.
3348.400000000,-2743.7,-21055.,-4085.1,-31900.,-0.14222E+06,-18419.,-55064.,-60167.,-0.37792E+06,0.0000,-0.13103E+06,-46259.,-0.26452E+06,-0.12052E+06,-31755.,-33006.,-0.10906E+06,-39093.
3376.400000000,-2676.9,-20490.,-3925.7,-30651.,-0.13628E+06,-18047.,-52705.,-57755.,-0.36866E+06,0.0000,-0.12696E+06,-43627.,-0.24784E+06,-0.10873E+06,-30804.,-29991.,-99321.,-36873.
3407.400000000,-2606.7,-19910.,-3762.6,-29348.,-0.13077E+06,-17672.,-50544.,-55783.,-0.36133E+06,0.0000,-0.12378E+06,-41888.,-0.23933E+06,-98497.,-29826.,-28254.,-92192.,-34631.
3437.400000000,-2629.8,-20101.,-3787.7,-29330.,-0.13457E+06,-17704.,-55091.,-57810.,-0.43626E+06,0.0000,-0.14259E+06,-58661.,-0.24009E+06,-97441.,-29628.,-35260.,-0.10891E+06,-35106.
3468.400000000,-2842.3,-22102.,-4110.2,-31456.,-0.14962E+06,-18246.,-67923.,-67975.,-0.54592E+06,-24.587,-0.18301E+06,-0.12377E+06,-0.26114E+06,-0.12431E+06,-30928.,-76597.,-0.15308E+06,-38451.
3498.400000000,-2949.6,-24361.,-4457.2,-34403.,-0.16650E+06,-19272.,-83024.,-78375.,-0.63145E+06,-287.51,-0.22561E+06,-0.16058E+06,-0.28893E+06,-0.16061E+06,-35088.,-0.12876E+06,-0.19420E+06,-43423.
3529.400000000,-3026.1,-26080.,-4703.4,-36502.,-0.17918E+06,-19835.,-95573.,-84545.,-0.67315E+06,-377.43,-0.25792E+06,-0.17129E+06,-0.31328E+06,-0.18224E+06,-39096.,-0.14911E+06,-0.22648E+06,-47699.
3560.400000000,-3073.3,-26985.,-4935.9,-38605.,-0.18836E+06,-20172.,-0.10301E+06,-89561.,-0.69258E+06,-322.97,-0.27224E+06,-0.16870E+06,-0.33116E+06,-0.20207E+06,-41597.,-0.16195E+06,-0.24132E+06,-51164.
3590.400000000,-3098.2,-27564.,-5084.0,-40159.,-0.19210E+06,-20233.,-0.10379E+06,-92544.,-0.67043E+06,-254.09,-0.26469E+06,-0.15383E+06,-0.34049E+06,-0.21204E+06,-41654.,-0.15615E+06,-0.24354E+06,-52739.
3621.400000000,-3036.6,-25921.,-4950.3,-39126.,-0.18489E+06,-19733.,-88800.,-84476.,-0.55674E+06,-115.28,-0.21316E+06,-0.10061E+06,-0.33258E+06,-0.19418E+06,-40183.,-0.10970E+06,-0.21515E+06,-51744.
3651.400000000,-2945.2,-24766.,-4709.5,-37366.,-0.17216E+06,-19187.,-77939.,-76136.,-0.47966E+06,-199.15,-0.18098E+06,-69263.,-0.30812E+06,-0.16663E+06,-38481.,-61656.,-0.16257E+06,-48266.
3682.400000000,-2867.1,-23928.,-4489.6,-35692.,-0.16134E+06,-18708.,-70854.,-70087.,-0.44194E+06,-337.57,-0.16134E+06,-56980.,-0.29045E+06,-0.14363E+06,-36920.,-42181.,-0.13248E+06,-45144.
3713.400000000,-2795.5,-23190.,-4286.9,-34128.,-0.15226E+06,-18284.,-65432.,-65767.,-0.41973E+06,-552.14,-0.15392E+06,-51215.,-0.27241E+06,-0.12526E+06,-35477.,-34247.,-0.11443E+06,-42298.
3742.400000000,-2736.0,-22564.,-4119.5,-32747.,-0.14500E+06,-17930.,-61742.,-62607.,-0.40667E+06,-716.15,-0.14387E+06,-49187.,-0.25692E+06,-0.11221E+06,-34218.,-30765.,-0.10338E+06,-39838.
3773.400000000,-2678.4,-21951.,-3960.7,-31465.,-0.13848E+06,-17592.,-58629.,-60106.,-0.39782E+06,-815.08,-0.13811E+06,-48260.,-0.24526E+06,-0.10195E+06,-32990.,-29189.,-95447.,-37427.
3803.400000000,-2777.5,-22298.,-3991.5,-31671.,-0.14246E+06,-17699.,-63124.,-63205.,-0.47237E+06,-804.01,-0.15774E+06,-72278.,-0.25103E+06,-0.10177E+06,-34065.,-38118.,-0.12349E+06,-38143.
3834.400000000,-2922.7,-24759.,-4339.2,-34015.,-0.15664E+06,-18593.,-78559.,-73112.,-0.59120E+06,-810.08,-0.20569E+06,-0.13225E+06,-0.27990E+06,-0.13658E+06,-36683.,-87678.,-0.17410E+06,-41851.
3864.400000000,-2989.7,-25998.,-4610.2,-37309.,-0.16859E+06,-19054.,-91194.,-84216.,-0.65550E+06,-889.10,-0.24482E+06,-0.15534E+06,-0.30573E+06,-0.16502E+06,-40862.,-0.12903E+06,-0.21039E+06,-46223.
3895.400000000,-3049.8,-27335.,-4812.1,-38783.,-0.18226E+06,-19455.,-0.10272E+06,-87339.,-0.69272E+06,-818.87,-0.26872E+06,-0.16595E+06,-0.32634E+06,-0.18533E+06,-44760.,-0.15195E+06,-0.23098E+06,-50674.
3926.400000000,-3088.4,-28406.,-5048.5,-40926.,-0.19243E+06,-19711.,-0.10754E+06,-92813.,-0.69266E+06,-811.70,-0.27342E+06,-0.16763E+06,-0.34329E+06,-0.20854E+06,-47630.,-0.16884E+06,-0.24321E+06,-54280.
3956.400000000,-3119.4,-29095.,-5192.8,-42559.,-0.19635E+06,-19981.,-0.10653E+06,-96226.,-0.65450E+06,-888.39,-0.26260E+06,-0.16390E+06,-0.34952E+06,-0.22053E+06,-47816.,-0.16144E+06,-0.23604E+06,-55664.
3987.400000000,-3105.0,-28268.,-5139.9,-41775.,-0.19486E+06,-19824.,-96645.,-91557.,-0.60270E+06,-855.62,-0.23566E+06,-0.13820E+06,-0.34010E+06,-0.20832E+06,-46736.,-0.12135E+06,-0.20653E+06,-54922.
4017.400000000,-3018.7,-26954.,-4874.8,-39936.,-0.18161E+06,-19306.,-85565.,-81721.,-0.51377E+06,-915.58,-0.19676E+06,-85281.,-0.31606E+06,-0.17856E+06,-44874.,-68377.,-0.15858E+06,-51429.
4048.400000000,-2939.5,-25966.,-4643.0,-38174.,-0.17020E+06,-18839.,-77821.,-74306.,-0.46811E+06,-980.86,-0.17401E+06,-65595.,-0.30485E+06,-0.15369E+06,-43122.,-45095.,-0.13099E+06,-48111.
4079.400000000,-2870.1,-25161.,-4447.4,-36525.,-0.16055E+06,-18431.,-71941.,-69452.,-0.44347E+06,-1023.0,-0.15994E+06,-58838.,-0.28811E+06,-0.13348E+06,-41478.,-36105.,-0.11453E+06,-45056.
4107.400000000,-2812.0,-24487.,-4280.8,-35115.,-0.15302E+06,-18099.,-67679.,-66246.,-0.42837E+06,-1043.9,-0.15172E+06,-55738.,-0.26801E+06,-0.11914E+06,-40068.,-32020.,-0.10445E+06,-42523.
4138.400000000,-2752.5,-23804.,-4117.5,-33791.,-0.14600E+06,-17770.,-64391.,-63558.,-0.41730E+06,-1092.2,-0.14805E+06,-53685.,-0.25171E+06,-0.10779E+06,-38641.,-30285.,-97631.,-40050.
4168.400000000,-2839.7,-24826.,-4308.1,-35979.,-0.15122E+06,-18104.,-71137.,-73157.,-0.49247E+06,-1149.3,-0.17589E+06,-0.10239E+06,-0.26560E+06,-0.12421E+06,-41418.,-57379.,-0.13761E+06,-41527.
4199.400000000,-2938.0,-27280.,-4636.6,-38387.,-0.16459E+06,-18734.,-87537.,-83345.,-0.60707E+06,-1328.4,-0.22382E+06,-0.15343E+06,-0.28973E+06,-0.15921E+06,-44199.,-0.10952E+06,-0.18065E+06,-45134.
4229.400000000,-3035.3,-29297.,-4886.2,-40189.,-0.17938E+06,-19274.,-0.10141E+06,-89389.,-0.67446E+06,-1467.6,-0.26212E+06,-0.17639E+06,-0.31503E+06,-0.18206E+06,-48669.,-0.13948E+06,-0.21637E+06,-49764.
4260.400000000,-3119.6,-31418.,-5087.6,-41859.,-0.19291E+06,-19937.,-0.11469E+06,-94040.,-0.71601E+06,-1680.2,-0.28969E+06,-0.18920E+06,-0.34144E+06,-0.20035E+06,-52674.,-0.15965E+06,-0.24913E+06,-53992.
4291.400000000,-3179.9,-32575.,-5230.1,-43381.,-0.20065E+06,-20281.,-0.12046E+06,-97042.,-0.72432E+06,-1656.3,-0.29841E+06,-0.18279E+06,-0.36142E+06,-0.21127E+06,-54203.,-0.16344E+06,-0.26128E+06,-56604.
4321.400000000,-3226.1,-33310.,-5322.1,-44140.,-0.20413E+06,-20535.,-0.11936E+06,-98303.,-0.68619E+06,-1530.8,-0.28651E+06,-0.17168E+06,-0.36541E+06,-0.21531E+06,-53737.,-0.15012E+06,-0.25162E+06,-57443.
4352.400000000,-3203.0,-32235.,-5158.9,-42703.,-0.20007E+06,-20351.,-0.10859E+06,-89832.,-0.61648E+06,-1413.8,-0.25162E+06,-0.12786E+06,-0.35075E+06,-0.19342E+06,-51793.,-99137.,-0.21864E+06,-56145.
4382.400000000,-3116.6,-30810.,-4903.2,-40848.,-0.18619E+06,-19839.,-96489.,-81339.,-0.52643E+06,-1438.6,-0.21112E+06,-83582.,-0.32374E+06,-0.16662E+06,-49525.,-57844.,-0.16690E+06,-52518.
4413.400000000,-3035.4,-29669.,-4672.3,-39074.,-0.17440E+06,-19367.,-87732.,-74557.,-0.48002E+06,-1485.7,-0.18727E+06,-65952.,-0.29943E+06,-0.14419E+06,-47459.,-41216.,-0.13631E+06,-49122.
4444.400000000,-2958.3,-28651.,-4461.0,-37408.,-0.16437E+06,-18935.,-81077.,-69317.,-0.45217E+06,-1512.2,-0.17073E+06,-57421.,-0.28462E+06,-0.12621E+06,-45537.,-33868.,-0.11782E+06,-45996.
4472.400000000,-2892.1,-27787.,-4287.7,-35975.,-0.15650E+06,-18575.,-76118.,-65952.,-0.43527E+06,-1514.0,-0.15968E+06,-53607.,-0.26865E+06,-0.11350E+06,-43950.,-30652.,-0.10658E+06,-43370.
4503.400000000,-2823.4,-26944.,-4113.9,-34495.,-0.14913E+06,-18214.,-72097.,-62904.,-0.42354E+06,-1493.6,-0.15340E+06,-51513.,-0.25551E+06,-0.10325E+06,-42321.,-29203.,-99135.,-40705.
4533.400000000,-2866.0,-27669.,-4184.4,-35493.,-0.15054E+06,-18440.,-78090.,-67594.,-0.49541E+06,-1602.8,-0.17655E+06,-79562.,-0.26694E+06,-0.10922E+06,-42779.,-47935.,-0.14061E+06,-40302.
4564.400000000,-3107.6,-30512.,-4553.4,-39035.,-0.16395E+06,-19627.,-92428.,-86044.,-0.58717E+06,-2029.0,-0.21888E+06,-0.17648E+06,-0.29855E+06,-0.13792E+06,-46194.,-86626.,-0.17994E+06,-44062.
4594.400000000,-3195.8,-32149.,-4700.2,-39870.,-0.17644E+06,-20467.,-0.10467E+06,-86921.,-0.65598E+06,-2055.7,-0.25603E+06,-0.18075E+06,-0.31887E+06,-0.15022E+06,-48620.,-0.10796E+06,-0.21582E+06,-47646.
4625.400000000,-3251.7,-33382.,-4870.9,-41344.,-0.18821E+06,-20927.,-0.11551E+06,-90641.,-0.71350E+06,-2311.3,-0.28482E+06,-0.18501E+06,-0.34226E+06,-0.16548E+06,-53290.,-0.13590E+06,-0.23557E+06,-52173.
4656.400000000,-3279.7,-34111.,-4974.6,-42717.,-0.19207E+06,-21108.,-0.12062E+06,-93220.,-0.71959E+06,-2307.3,-0.29152E+06,-0.17064E+06,-0.35926E+06,-0.17647E+06,-56217.,-0.14620E+06,-0.24442E+06,-55080.
4686.400000000,-3329.5,-34921.,-5162.2,-44921.,-0.19432E+06,-21540.,-0.11957E+06,-99503.,-0.68535E+06,-2352.5,-0.28054E+06,-0.17716E+06,-0.36744E+06,-0.19294E+06,-56285.,-0.15086E+06,-0.23970E+06,-56372.
4717.400000000,-3264.5,-33387.,-4999.0,-43430.,-0.18668E+06,-21088.,-0.10648E+06,-89700.,-0.58124E+06,-1817.7,-0.23364E+06,-0.11573E+06,-0.34893E+06,-0.17643E+06,-53498.,-0.10258E+06,-0.20756E+06,-54696.
4747.400000000,-3171.4,-31911.,-4759.3,-41424.,-0.17462E+06,-20511.,-94938.,-81227.,-0.50917E+06,-1735.2,-0.20123E+06,-79944.,-0.32379E+06,-0.15245E+06,-51110.,-59372.,-0.16038E+06,-51084.
4778.400000000,-3084.6,-30725.,-4535.9,-39529.,-0.16445E+06,-19982.,-87034.,-74430.,-0.47076E+06,-1731.1,-0.18025E+06,-63716.,-0.30217E+06,-0.13239E+06,-48967.,-41644.,-0.13269E+06,-47747.
4809.400000000,-3002.5,-29632.,-4330.7,-37763.,-0.15581E+06,-19498.,-80859.,-69155.,-0.44676E+06,-1723.6,-0.16551E+06,-56165.,-0.28431E+06,-0.11665E+06,-46983.,-33902.,-0.11575E+06,-44697.
4837.400000000,-2931.6,-28704.,-4163.3,-36255.,-0.14904E+06,-19095.,-76077.,-65852.,-0.43147E+06,-1699.8,-0.15685E+06,-53055.,-0.27456E+06,-0.10602E+06,-45289.,-30636.,-0.10547E+06,-42145.
4868.400000000,-2861.0,-27780.,-4003.9,-34691.,-0.14267E+06,-18695.,-72125.,-63174.,-0.42132E+06,-1736.4,-0.15273E+06,-52159.,-0.25834E+06,-96821.,-43595.,-29148.,-98027.,-39563.
4898.400000000,-2879.4,-28145.,-4081.3,-35857.,-0.14656E+06,-18799.,-78489.,-68001.,-0.49440E+06,-1977.5,-0.17766E+06,-79930.,-0.26267E+06,-0.10190E+06,-44650.,-45786.,-0.12701E+06,-39881.
4929.400000000,-2961.5,-29925.,-4342.8,-37830.,-0.16003E+06,-19391.,-93305.,-77047.,-0.59881E+06,-2191.4,-0.22351E+06,-0.13512E+06,-0.28877E+06,-0.12454E+06,-46165.,-89839.,-0.17648E+06,-43469.
4959.400000000,-3035.0,-31682.,-4639.7,-40268.,-0.17448E+06,-19886.,-0.10746E+06,-85627.,-0.66606E+06,-2445.5,-0.26242E+06,-0.16532E+06,-0.31474E+06,-0.15324E+06,-50316.,-0.13035E+06,-0.20786E+06,-48036.
4990.400000000,-3098.9,-32923.,-4794.2,-41671.,-0.18582E+06,-20311.,-0.12027E+06,-87617.,-0.71445E+06,-2322.5,-0.29052E+06,-0.16843E+06,-0.33662E+06,-0.16606E+06,-54542.,-0.14217E+06,-0.22584E+06,-52527.
5021.400000000,-3160.2,-34000.,-4953.1,-43038.,-0.19253E+06,-20607.,-0.12700E+06,-91506.,-0.71814E+06,-2264.0,-0.29847E+06,-0.17231E+06,-0.35601E+06,-0.17593E+06,-56050.,-0.14918E+06,-0.23944E+06,-55515.
5051.400000000,-3189.3,-34235.,-5078.4,-44146.,-0.19319E+06,-20604.,-0.12521E+06,-94136.,-0.67657E+06,-2047.4,-0.28476E+06,-0.16137E+06,-0.36016E+06,-0.18827E+06,-55465.,-0.14884E+06,-0.22972E+06,-56357.
5082.400000000,-3125.9,-32421.,-4974.2,-42996.,-0.18486E+06,-20124.,-0.10650E+06,-84740.,-0.56397E+06,-1416.9,-0.22942E+06,-99545.,-0.35089E+06,-0.18544E+06,-53053.,-0.12239E+06,-0.20660E+06,-54800.
5112.400000000,-3039.6,-31016.,-4741.4,-40977.,-0.17310E+06,-19608.,-94616.,-77219.,-0.49699E+06,-1372.2,-0.19854E+06,-71603.,-0.32366E+06,-0.15931E+06,-50668.,-68614.,-0.15968E+06,-51138.
5143.400000000,-2959.8,-29895.,-4521.5,-39075.,-0.16314E+06,-19137.,-86637.,-71267.,-0.46260E+06,-1400.2,-0.17863E+06,-59457.,-0.30127E+06,-0.13758E+06,-48504.,-44869.,-0.13211E+06,-47775.
5174.400000000,-2884.4,-28890.,-4317.6,-37306.,-0.15468E+06,-18706.,-80327.,-67182.,-0.44098E+06,-1444.0,-0.16438E+06,-53581.,-0.28400E+06,-0.12047E+06,-46513.,-35514.,-0.11519E+06,-44712.
5203.400000000,-2816.2,-28003.,-4139.7,-35745.,-0.14786E+06,-18332.,-75779.,-63832.,-0.42606E+06,-1439.3,-0.15468E+06,-50329.,-0.27114E+06,-0.10828E+06,-44795.,-31193.,-0.10462E+06,-42062.
5234.400000000,-2747.1,-27118.,-3970.7,-34184.,-0.14165E+06,-17967.,-71965.,-60930.,-0.41558E+06,-1406.6,-0.14907E+06,-48863.,-0.25938E+06,-98453.,-43120.,-29359.,-97709.,-39487.
5264.400000000,-2764.7,-27285.,-3995.7,-34103.,-0.14662E+06,-18148.,-78428.,-62141.,-0.49179E+06,-1133.7,-0.17398E+06,-77082.,-0.26489E+06,-98842.,-43058.,-40309.,-0.11988E+06,-39903.
5295.400000000,-2854.5,-28727.,-4296.0,-36806.,-0.15977E+06,-18558.,-91007.,-72861.,-0.57297E+06,-1337.8,-0.21225E+06,-0.12662E+06,-0.28630E+06,-0.12580E+06,-46743.,-88210.,-0.16369E+06,-43567.
5325.400000000,-2925.3,-29891.,-4550.9,-38431.,-0.17343E+06,-19042.,-0.10474E+06,-78061.,-0.65088E+06,-1321.4,-0.25603E+06,-0.15446E+06,-0.31023E+06,-0.15141E+06,-51176.,-0.12904E+06,-0.20286E+06,-47799.
5356.400000000,-2982.9,-30303.,-4709.3,-39888.,-0.18072E+06,-19372.,-0.11119E+06,-80237.,-0.64867E+06,-1216.3,-0.26035E+06,-0.15838E+06,-0.33108E+06,-0.17057E+06,-55269.,-0.15130E+06,-0.21932E+06,-51955.
5387.400000000,-3026.9,-31051.,-4897.3,-41102.,-0.18661E+06,-19637.,-0.11650E+06,-83467.,-0.66191E+06,-1234.5,-0.27238E+06,-0.15733E+06,-0.34816E+06,-0.18571E+06,-57798.,-0.16149E+06,-0.22901E+06,-54914.
5417.400000000,-3071.9,-31359.,-5008.2,-42312.,-0.18866E+06,-19653.,-0.11437E+06,-88099.,-0.63412E+06,-1248.8,-0.26091E+06,-0.15106E+06,-0.35001E+06,-0.19151E+06,-57416.,-0.14194E+06,-0.21049E+06,-55157.
5448.400000000,-3154.6,-31488.,-4978.4,-41949.,-0.18807E+06,-19666.,-0.10920E+06,-87331.,-0.60376E+06,-1422.4,-0.24155E+06,-0.15218E+06,-0.34359E+06,-0.18046E+06,-56889.,-0.10645E+06,-0.19243E+06,-54396.
5478.400000000,-3075.9,-30199.,-4719.8,-40030.,-0.17646E+06,-19217.,-97221.,-78236.,-0.51882E+06,-1451.2,-0.20276E+06,-90557.,-0.31546E+06,-0.15537E+06,-54471.,-60755.,-0.15044E+06,-50891.
5509.400000000,-2998.4,-29157.,-4494.2,-38195.,-0.16651E+06,-18790.,-88496.,-71476.,-0.47474E+06,-1476.7,-0.18030E+06,-68277.,-0.29196E+06,-0.13436E+06,-52204.,-42090.,-0.12562E+06,-47685.
5540.400000000,-2923.0,-28209.,-4289.9,-36479.,-0.15795E+06,-18392.,-81832.,-67014.,-0.44771E+06,-1477.7,-0.16487E+06,-57878.,-0.27151E+06,-0.11804E+06,-50134.,-34074.,-0.11023E+06,-44740.
5568.400000000,-2856.1,-27389.,-4118.8,-35011.,-0.15119E+06,-18053.,-76734.,-63610.,-0.43071E+06,-1457.6,-0.15594E+06,-52883.,-0.25435E+06,-0.10683E+06,-48354.,-30706.,-0.10064E+06,-42254.
5599.400000000,-2784.0,-26529.,-3947.1,-33505.,-0.14475E+06,-17702.,-72659.,-60466.,-0.41732E+06,-1392.9,-0.14832E+06,-49679.,-0.23982E+06,-97274.,-46489.,-29134.,-93758.,-39719.
5629.400000000,-2804.3,-26670.,-4066.5,-34818.,-0.14701E+06,-17759.,-78020.,-65755.,-0.47357E+06,-1192.3,-0.16721E+06,-73172.,-0.24913E+06,-0.10757E+06,-45508.,-51975.,-0.12672E+06,-39305.
5660.400000000,-2863.3,-27796.,-4353.3,-36941.,-0.15849E+06,-18200.,-91398.,-75482.,-0.57294E+06,-893.67,-0.20922E+06,-0.11690E+06,-0.27438E+06,-0.13063E+06,-45784.,-94249.,-0.17356E+06,-41690.
5690.400000000,-2897.2,-28150.,-4520.7,-38371.,-0.16362E+06,-18642.,-98711.,-78444.,-0.57088E+06,-379.58,-0.21827E+06,-0.13188E+06,-0.29729E+06,-0.15242E+06,-46580.,-0.12755E+06,-0.20062E+06,-44233.
5721.400000000,-2906.8,-27731.,-4631.7,-39666.,-0.16457E+06,-18795.,-96218.,-77904.,-0.54051E+06,0.0000,-0.20952E+06,-0.12485E+06,-0.31710E+06,-0.16903E+06,-46319.,-0.14632E+06,-0.21430E+06,-45877.
5752.400000000,-2919.8,-27569.,-4783.6,-40614.,-0.16577E+06,-18932.,-97974.,-78895.,-0.54141E+06,0.0000,-0.21563E+06,-0.12907E+06,-0.33112E+06,-0.18296E+06,-45934.,-0.15516E+06,-0.22126E+06,-46839.
5782.400000000,-2909.5,-26609.,-4799.8,-40177.,-0.16344E+06,-19007.,-84354.,-76276.,-0.46101E+06,0.0000,-0.18125E+06,-0.11474E+06,-0.33219E+06,-0.18705E+06,-43961.,-0.14082E+06,-0.20871E+06,-46705.
5813.400000000,-2835.7,-25340.,-4612.2,-38496.,-0.15695E+06,-18550.,-72172.,-68680.,-0.40337E+06,0.0000,-0.15125E+06,-73171.,-0.31790E+06,-0.16615E+06,-41283.,-85724.,-0.18273E+06,-44841.
5843.400000000,-2750.6,-24337.,-4418.9,-36667.,-0.14842E+06,-18079.,-66406.,-64923.,-0.38199E+06,0.0000,-0.13960E+06,-55478.,-0.29640E+06,-0.14248E+06,-39397.,-51077.,-0.14342E+06,-41764.
5874.400000000,-2669.7,-23456.,-4225.3,-34948.,-0.14126E+06,-17644.,-62450.,-61642.,-0.37238E+06,0.0000,-0.13220E+06,-47757.,-0.27867E+06,-0.12373E+06,-37748.,-37641.,-0.12022E+06,-39110.
5905.400000000,-2592.9,-22671.,-4041.1,-33345.,-0.13516E+06,-17245.,-59266.,-58649.,-0.36559E+06,0.0000,-0.12651E+06,-44013.,-0.25919E+06,-0.10974E+06,-36252.,-31720.,-0.10585E+06,-36708.
5933.400000000,-2525.1,-22050.,-3883.6,-31973.,-0.13041E+06,-16909.,-56784.,-56797.,-0.35999E+06,0.0000,-0.12235E+06,-42071.,-0.24257E+06,-99790.,-35012.,-29299.,-96945.,-34705.
5964.400000000,-2453.4,-21414.,-3723.3,-30554.,-0.12591E+06,-16566.,-54447.,-55064.,-0.35557E+06,0.0000,-0.12025E+06,-40799.,-0.23040E+06,-91161.,-33774.,-27903.,-90554.,-32691.
5994.400000000,-2477.3,-21359.,-3819.0,-31056.,-0.13013E+06,-16661.,-58939.,-58542.,-0.43043E+06,0.0000,-0.14301E+06,-61037.,-0.23711E+06,-99886.,-34710.,-47270.,-0.11551E+06,-33236.
6025.400000000,-2545.8,-22203.,-4124.7,-33161.,-0.14373E+06,-17216.,-70397.,-66999.,-0.53295E+06,0.0000,-0.18569E+06,-0.10489E+06,-0.26057E+06,-0.12509E+06,-37558.,-90802.,-0.16130E+06,-36442.
6055.400000000,-2599.8,-23675.,-4404.0,-35076.,-0.15838E+06,-17701.,-83982.,-74097.,-0.60205E+06,0.0000,-0.22249E+06,-0.13716E+06,-0.28371E+06,-0.15009E+06,-41588.,-0.12429E+06,-0.19192E+06,-40429.
6086.400000000,-2644.5,-24245.,-4592.1,-36692.,-0.16849E+06,-18223.,-92145.,-77969.,-0.61808E+06,0.0000,-0.23794E+06,-0.15189E+06,-0.30682E+06,-0.16839E+06,-44693.,-0.14582E+06,-0.21245E+06,-44487.
6117.400000000,-2680.9,-24902.,-4816.8,-38581.,-0.17587E+06,-18503.,-96866.,-83134.,-0.62935E+06,0.0000,-0.24848E+06,-0.15231E+06,-0.32574E+06,-0.18723E+06,-46041.,-0.15917E+06,-0.22347E+06,-47345.
6147.400000000,-2711.2,-25027.,-4954.7,-39906.,-0.17930E+06,-18672.,-95217.,-86569.,-0.60566E+06,0.0000,-0.23763E+06,-0.14672E+06,-0.33149E+06,-0.19629E+06,-45418.,-0.15030E+06,-0.21447E+06,-48370.
6178.400000000,-2653.3,-23854.,-4836.0,-38775.,-0.17445E+06,-18374.,-80070.,-80597.,-0.52449E+06,0.0000,-0.19385E+06,-0.10870E+06,-0.31766E+06,-0.18159E+06,-43515.,-0.10569E+06,-0.18298E+06,-46852.
6208.400000000,-2576.8,-22869.,-4591.5,-37027.,-0.16357E+06,-17912.,-71500.,-72377.,-0.45708E+06,0.0000,-0.16369E+06,-72435.,-0.29255E+06,-0.15567E+06,-41729.,-59945.,-0.14392E+06,-43844.
6239.400000000,-2504.7,-22149.,-4373.4,-35348.,-0.15420E+06,-17484.,-65531.,-67055.,-0.42179E+06,0.0000,-0.14631E+06,-57388.,-0.27724E+06,-0.13427E+06,-40072.,-41771.,-0.12070E+06,-41041.
6270.400000000,-2435.9,-21492.,-4175.3,-33771.,-0.14628E+06,-17093.,-60961.,-62825.,-0.39996E+06,0.0000,-0.13659E+06,-50080.,-0.26054E+06,-0.11770E+06,-38535.,-33884.,-0.10634E+06,-38573.
6298.400000000,-2375.0,-20932.,-4009.2,-32417.,-0.14016E+06,-16762.,-57883.,-59575.,-0.38590E+06,0.0000,-0.13121E+06,-46342.,-0.24482E+06,-0.10651E+06,-37223.,-30513.,-97418.,-36508.
6329.400000000,-2309.3,-20346.,-3839.0,-30999.,-0.13427E+06,-16420.,-55024.,-57072.,-0.37447E+06,0.0000,-0.12635E+06,-43533.,-0.23328E+06,-96495.,-35859.,-28680.,-90744.,-34396.
6359.400000000,-2337.5,-20715.,-3978.8,-31571.,-0.14192E+06,-16510.,-62558.,-60397.,-0.46738E+06,0.0000,-0.15157E+06,-65372.,-0.24357E+06,-0.10904E+06,-36188.,-52767.,-0.11819E+06,-35053.
6390.400000000,-2450.4,-22440.,-4298.3,-33778.,-0.15665E+06,-17338.,-75382.,-71049.,-0.56113E+06,-183.99,-0.18969E+06,-0.12546E+06,-0.27011E+06,-0.13575E+06,-40053.,-90566.,-0.15462E+06,-38852.
6420.400000000,-2525.8,-23869.,-4562.2,-35363.,-0.17060E+06,-17940.,-89232.,-76675.,-0.62592E+06,-240.89,-0.22668E+06,-0.14438E+06,-0.29219E+06,-0.15754E+06,-43626.,-0.11878E+06,-0.18144E+06,-43143.
6451.400000000,-2596.2,-24853.,-4738.6,-37093.,-0.17836E+06,-18329.,-0.10022E+06,-79652.,-0.66038E+06,-126.99,-0.24901E+06,-0.15190E+06,-0.31591E+06,-0.17587E+06,-46480.,-0.14503E+06,-0.20496E+06,-47184.
6482.400000000,-2658.5,-25868.,-4960.3,-38928.,-0.18437E+06,-18784.,-0.10537E+06,-85445.,-0.66308E+06,-101.56,-0.25720E+06,-0.15892E+06,-0.33250E+06,-0.19298E+06,-47979.,-0.15627E+06,-0.21400E+06,-50000.
6512.400000000,-2716.1,-26098.,-5039.6,-39862.,-0.18562E+06,-19097.,-0.10465E+06,-86826.,-0.63121E+06,-106.18,-0.24608E+06,-0.14349E+06,-0.33444E+06,-0.19978E+06,-47920.,-0.14533E+06,-0.20297E+06,-50919.
6543.400000000,-2676.0,-25150.,-4901.1,-38647.,-0.18070E+06,-18881.,-91159.,-80813.,-0.55354E+06,0.0000,-0.20824E+06,-0.11492E+06,-0.32129E+06,-0.17967E+06,-45850.,-98020.,-0.17638E+06,-49135.
6573.400000000,-2596.4,-24024.,-4651.3,-36914.,-0.16898E+06,-18384.,-80107.,-72649.,-0.47612E+06,-38.912,-0.17378E+06,-75279.,-0.29831E+06,-0.15402E+06,-43973.,-57217.,-0.14201E+06,-45968.
6604.400000000,-2521.3,-23203.,-4428.6,-35253.,-0.15892E+06,-17923.,-72556.,-67331.,-0.43647E+06,-169.25,-0.15312E+06,-58956.,-0.28076E+06,-0.13296E+06,-42228.,-40569.,-0.11935E+06,-43011.
6635.400000000,-2450.2,-22479.,-4226.3,-33691.,-0.15044E+06,-17502.,-66626.,-63074.,-0.41266E+06,-268.60,-0.14259E+06,-50825.,-0.26384E+06,-0.11690E+06,-40607.,-33417.,-0.10533E+06,-40294.
6664.400000000,-2386.1,-21838.,-4052.6,-32302.,-0.14358E+06,-17135.,-62343.,-59754.,-0.39772E+06,-418.38,-0.13527E+06,-46719.,-0.24858E+06,-0.10550E+06,-39175.,-30227.,-96427.,-38020.
6695.400000000,-2319.4,-21188.,-3881.7,-30915.,-0.13745E+06,-16769.,-58893.,-57314.,-0.38670E+06,-525.12,-0.12925E+06,-44040.,-0.23182E+06,-95768.,-37765.,-28608.,-90329.,-35838.
6725.400000000,-2339.0,-21308.,-4003.5,-31738.,-0.14527E+06,-16707.,-65358.,-61664.,-0.48563E+06,-542.31,-0.15670E+06,-63371.,-0.24348E+06,-0.10292E+06,-39384.,-47152.,-0.12506E+06,-37159.
6756.400000000,-2477.4,-23218.,-4332.7,-33772.,-0.16109E+06,-17583.,-80057.,-71909.,-0.58971E+06,-637.35,-0.19642E+06,-0.13149E+06,-0.27032E+06,-0.13348E+06,-41655.,-88012.,-0.15874E+06,-40564.
6786.400000000,-2562.7,-24208.,-4548.9,-35099.,-0.17476E+06,-18144.,-90540.,-76644.,-0.63066E+06,-512.88,-0.22332E+06,-0.15052E+06,-0.29107E+06,-0.15205E+06,-44707.,-0.11019E+06,-0.18570E+06,-44631.
6817.400000000,-2624.6,-24643.,-4737.3,-36711.,-0.18195E+06,-18406.,-97675.,-79481.,-0.62903E+06,-214.22,-0.23091E+06,-0.15187E+06,-0.31245E+06,-0.17133E+06,-47090.,-0.13969E+06,-0.20660E+06,-48433.
6848.400000000,-2672.1,-25528.,-4978.9,-38701.,-0.18880E+06,-18741.,-0.10191E+06,-85279.,-0.63736E+06,-88.739,-0.24175E+06,-0.15710E+06,-0.32873E+06,-0.19238E+06,-48750.,-0.15547E+06,-0.21304E+06,-51088.
6878.400000000,-2721.4,-25743.,-5060.7,-39310.,-0.19040E+06,-18992.,-0.10176E+06,-85371.,-0.60932E+06,-13.008,-0.23460E+06,-0.14341E+06,-0.33237E+06,-0.19799E+06,-48248.,-0.14420E+06,-0.20559E+06,-51988.
6909.400000000,-2724.3,-25319.,-4961.7,-38706.,-0.18537E+06,-18752.,-92204.,-81851.,-0.54867E+06,-204.37,-0.20589E+06,-0.12067E+06,-0.32146E+06,-0.18237E+06,-47427.,-0.10067E+06,-0.17712E+06,-50710.
6939.400000000,-2650.1,-24279.,-4711.4,-37020.,-0.17372E+06,-18277.,-81195.,-73562.,-0.47781E+06,-333.35,-0.17377E+06,-77558.,-0.29458E+06,-0.15635E+06,-45517.,-57739.,-0.14022E+06,-47550.
6970.400000000,-2577.1,-23464.,-4486.5,-35392.,-0.16352E+06,-17829.,-73610.,-68008.,-0.44011E+06,-435.47,-0.15462E+06,-60787.,-0.27395E+06,-0.13486E+06,-43718.,-40779.,-0.11814E+06,-44543.
7001.400000000,-2501.7,-22713.,-4281.5,-33855.,-0.15482E+06,-17412.,-67709.,-63702.,-0.41662E+06,-505.02,-0.14270E+06,-52226.,-0.25340E+06,-0.11829E+06,-42057.,-33539.,-0.10429E+06,-41756.
7029.400000000,-2434.3,-22074.,-4109.3,-32529.,-0.14793E+06,-17058.,-63437.,-60375.,-0.40137E+06,-526.37,-0.13503E+06,-47880.,-0.23672E+06,-0.10707E+06,-40636.,-30360.,-95690.,-39400.
7060.400000000,-2365.8,-21403.,-3935.3,-31145.,-0.14137E+06,-16690.,-59810.,-57677.,-0.38970E+06,-531.47,-0.12890E+06,-44873.,-0.22596E+06,-97042.,-39144.,-28663.,-89502.,-37116.
7090.400000000,-2358.6,-21360.,-4002.8,-31142.,-0.14320E+06,-16503.,-63542.,-59842.,-0.45054E+06,-302.39,-0.14402E+06,-54810.,-0.23452E+06,-0.10257E+06,-37958.,-44209.,-0.11811E+06,-36872.
7121.400000000,-2498.1,-22852.,-4275.3,-32860.,-0.15414E+06,-17263.,-73923.,-69831.,-0.51981E+06,-245.26,-0.17593E+06,-0.13055E+06,-0.26146E+06,-0.12028E+06,-38469.,-68624.,-0.15640E+06,-38878.
7151.400000000,-2583.7,-24194.,-4547.6,-34598.,-0.16727E+06,-18002.,-86325.,-76358.,-0.59116E+06,-93.809,-0.20770E+06,-0.15795E+06,-0.28332E+06,-0.14827E+06,-39888.,-0.10320E+06,-0.18467E+06,-41641.
7182.400000000,-2627.1,-24688.,-4705.7,-36204.,-0.17307E+06,-18205.,-94487.,-77790.,-0.61857E+06,0.0000,-0.22162E+06,-0.14175E+06,-0.30384E+06,-0.16949E+06,-40875.,-0.13776E+06,-0.19995E+06,-44554.
7213.400000000,-2665.3,-25189.,-4917.4,-37736.,-0.17944E+06,-18559.,-98652.,-81370.,-0.61782E+06,0.0000,-0.22835E+06,-0.14500E+06,-0.32174E+06,-0.19015E+06,-41767.,-0.15887E+06,-0.21510E+06,-47423.
7243.400000000,-2708.5,-25299.,-4956.0,-37946.,-0.18116E+06,-18944.,-98876.,-81041.,-0.59120E+06,0.0000,-0.22222E+06,-0.13672E+06,-0.32879E+06,-0.18645E+06,-41034.,-0.13769E+06,-0.21611E+06,-48687.
7274.400000000,-2662.6,-24233.,-4846.8,-37099.,-0.17490E+06,-18675.,-84785.,-76913.,-0.50102E+06,0.0000,-0.18125E+06,-0.10221E+06,-0.31658E+06,-0.17292E+06,-39349.,-97780.,-0.18343E+06,-47336.
7304.400000000,-2585.3,-23286.,-4607.2,-35467.,-0.16383E+06,-18173.,-75056.,-70279.,-0.44581E+06,0.0000,-0.15563E+06,-70201.,-0.29534E+06,-0.14832E+06,-37702.,-56318.,-0.14350E+06,-44328.
7335.400000000,-2511.9,-22493.,-4386.9,-33894.,-0.15435E+06,-17704.,-68095.,-65468.,-0.41444E+06,0.0000,-0.14134E+06,-55873.,-0.28208E+06,-0.12842E+06,-36192.,-39988.,-0.12011E+06,-41529.
7366.400000000,-2442.1,-21756.,-4186.1,-32415.,-0.14631E+06,-17273.,-62524.,-61503.,-0.39489E+06,0.0000,-0.13200E+06,-48676.,-0.26698E+06,-0.11341E+06,-34814.,-33041.,-0.10588E+06,-38964.
7394.400000000,-2381.3,-21136.,-4027.4,-31137.,-0.14012E+06,-16917.,-58627.,-59008.,-0.38369E+06,0.0000,-0.12631E+06,-46352.,-0.24890E+06,-0.10292E+06,-33667.,-30104.,-97004.,-36820.
7425.400000000,-2318.1,-20497.,-3860.0,-29793.,-0.13420E+06,-16553.,-55231.,-57079.,-0.37438E+06,0.0000,-0.12138E+06,-44269.,-0.23916E+06,-93509.,-32476.,-28388.,-90300.,-34682.
7455.400000000,-2400.8,-21023.,-3925.5,-29678.,-0.13817E+06,-16617.,-61432.,-59961.,-0.42888E+06,0.0000,-0.13987E+06,-67624.,-0.24196E+06,-96021.,-33321.,-38204.,-0.11118E+06,-35267.
7486.400000000,-2506.3,-22574.,-4205.9,-31452.,-0.15240E+06,-17329.,-73827.,-69065.,-0.52978E+06,0.0000,-0.17948E+06,-0.12352E+06,-0.26288E+06,-0.11480E+06,-35921.,-69485.,-0.15304E+06,-38516.
7516.400000000,-2600.0,-23986.,-4475.1,-33167.,-0.16633E+06,-17816.,-87816.,-74775.,-0.59922E+06,0.0000,-0.21137E+06,-0.14816E+06,-0.28893E+06,-0.13617E+06,-39534.,-0.10072E+06,-0.18889E+06,-42387.
7547.400000000,-2659.6,-24455.,-4589.8,-34864.,-0.17254E+06,-18117.,-95469.,-76471.,-0.62461E+06,0.0000,-0.22593E+06,-0.15001E+06,-0.31030E+06,-0.14972E+06,-42323.,-0.11937E+06,-0.20460E+06,-45752.
7578.400000000,-2702.9,-25195.,-4819.4,-36373.,-0.17929E+06,-18280.,-0.10122E+06,-80442.,-0.63416E+06,0.0000,-0.23496E+06,-0.15096E+06,-0.32607E+06,-0.17284E+06,-44136.,-0.14251E+06,-0.21478E+06,-48636.
7608.400000000,-2740.0,-25445.,-4884.0,-36889.,-0.18082E+06,-18431.,-0.10181E+06,-80656.,-0.60422E+06,0.0000,-0.22632E+06,-0.13599E+06,-0.32890E+06,-0.17619E+06,-43559.,-0.12753E+06,-0.20329E+06,-49248.
7639.400000000,-2700.2,-24576.,-4752.7,-35771.,-0.17529E+06,-18271.,-88419.,-75153.,-0.51153E+06,0.0000,-0.18754E+06,-0.10617E+06,-0.31949E+06,-0.16072E+06,-41599.,-89662.,-0.18221E+06,-47802.
7669.400000000,-2623.0,-23567.,-4512.9,-34173.,-0.16398E+06,-17792.,-77867.,-69111.,-0.45268E+06,0.0000,-0.16033E+06,-70843.,-0.30306E+06,-0.13823E+06,-39815.,-53439.,-0.14784E+06,-44655.
7700.400000000,-2549.6,-22759.,-4295.7,-32662.,-0.15433E+06,-17344.,-70543.,-64395.,-0.41750E+06,0.0000,-0.14363E+06,-55478.,-0.28247E+06,-0.12063E+06,-38194.,-38800.,-0.12252E+06,-41826.
7731.400000000,-2479.2,-22002.,-4098.3,-31241.,-0.14621E+06,-16932.,-64730.,-60477.,-0.39581E+06,0.0000,-0.13353E+06,-47856.,-0.25858E+06,-0.10750E+06,-36702.,-32338.,-0.10700E+06,-39241.
7759.400000000,-2415.5,-21351.,-3931.0,-29997.,-0.13987E+06,-16583.,-60506.,-57957.,-0.38203E+06,0.0000,-0.12664E+06,-43981.,-0.24524E+06,-97820.,-35434.,-29616.,-97503.,-37072.
7790.400000000,-2348.0,-20672.,-3763.5,-28711.,-0.13397E+06,-16225.,-57011.,-55792.,-0.37163E+06,0.0000,-0.12084E+06,-41536.,-0.23069E+06,-89576.,-34162.,-28120.,-90902.,-34890.
7820.400000000,-2374.6,-21078.,-3924.4,-29826.,-0.13938E+06,-16434.,-62439.,-59846.,-0.44370E+06,0.0000,-0.14380E+06,-74544.,-0.24199E+06,-0.10372E+06,-35771.,-50701.,-0.11886E+06,-36018.
7851.400000000,-2429.2,-22370.,-4279.8,-32827.,-0.15273E+06,-16791.,-73636.,-69119.,-0.51891E+06,0.0000,-0.17791E+06,-0.12011E+06,-0.26355E+06,-0.13411E+06,-37769.,-90153.,-0.15888E+06,-39180.
7881.400000000,-2509.1,-23886.,-4590.4,-35123.,-0.16832E+06,-17323.,-87290.,-75812.,-0.59316E+06,0.0000,-0.20566E+06,-0.15201E+06,-0.28685E+06,-0.15803E+06,-42780.,-0.11853E+06,-0.19072E+06,-43932.
7912.400000000,-2554.6,-23824.,-4748.0,-36614.,-0.17237E+06,-17507.,-91606.,-76734.,-0.57516E+06,0.0000,-0.21324E+06,-0.14174E+06,-0.30842E+06,-0.17928E+06,-43647.,-0.14592E+06,-0.20880E+06,-46988.
7943.400000000,-2600.1,-24057.,-4951.2,-37932.,-0.17535E+06,-17606.,-95374.,-79129.,-0.57211E+06,0.0000,-0.22448E+06,-0.13736E+06,-0.32416E+06,-0.19914E+06,-43126.,-0.16004E+06,-0.21446E+06,-48795.
7973.400000000,-2623.1,-23863.,-5089.1,-38772.,-0.17790E+06,-17885.,-85016.,-81592.,-0.54089E+06,0.0000,-0.20856E+06,-0.14040E+06,-0.32770E+06,-0.20819E+06,-41749.,-0.14809E+06,-0.20226E+06,-49357.
8004.400000000,-2586.0,-22661.,-4844.5,-37195.,-0.16729E+06,-17678.,-72115.,-72057.,-0.44887E+06,0.0000,-0.16332E+06,-94273.,-0.31339E+06,-0.18241E+06,-39134.,-84013.,-0.17645E+06,-47141.
8034.400000000,-2511.6,-21810.,-4611.7,-35465.,-0.15668E+06,-17221.,-64864.,-66793.,-0.40572E+06,0.0000,-0.14296E+06,-65378.,-0.29145E+06,-0.15521E+06,-37357.,-50575.,-0.13934E+06,-43981.
8065.400000000,-2440.6,-21051.,-4391.7,-33832.,-0.14791E+06,-16794.,-59363.,-62551.,-0.38364E+06,0.0000,-0.13131E+06,-52174.,-0.27229E+06,-0.13329E+06,-35812.,-37323.,-0.11717E+06,-41116.
8096.400000000,-2372.9,-20350.,-4187.7,-32303.,-0.14064E+06,-16403.,-55195.,-59023.,-0.36958E+06,0.0000,-0.12356E+06,-45389.,-0.25457E+06,-0.11670E+06,-34414.,-31600.,-0.10338E+06,-38523.
8125.400000000,-2309.9,-19738.,-4009.6,-30944.,-0.13472E+06,-16061.,-52300.,-56840.,-0.35993E+06,0.0000,-0.11783E+06,-41982.,-0.23895E+06,-0.10504E+06,-33198.,-29077.,-94632.,-36287.
8156.400000000,-2245.1,-19129.,-3835.9,-29585.,-0.12935E+06,-15723.,-49698.,-54860.,-0.35251E+06,0.0000,-0.11300E+06,-39778.,-0.22724E+06,-95109.,-32011.,-27649.,-88540.,-34162.
8186.400000000,-2252.0,-19414.,-3931.0,-30414.,-0.13405E+06,-15822.,-55369.,-58302.,-0.41331E+06,0.0000,-0.12947E+06,-61086.,-0.23133E+06,-0.10478E+06,-33274.,-44085.,-0.10632E+06,-34968.
8217.400000000,-2325.6,-20933.,-4293.1,-32933.,-0.14873E+06,-16456.,-67099.,-68034.,-0.51795E+06,0.0000,-0.16970E+06,-0.12205E+06,-0.25666E+06,-0.13502E+06,-37772.,-83577.,-0.15222E+06,-39972.
8247.400000000,-2392.3,-22409.,-4560.1,-34262.,-0.16262E+06,-17016.,-81015.,-72005.,-0.59000E+06,0.0000,-0.20232E+06,-0.14362E+06,-0.27952E+06,-0.15755E+06,-41374.,-0.11217E+06,-0.18648E+06,-44635.
8278.400000000,-2464.6,-23462.,-4832.6,-35861.,-0.17753E+06,-17344.,-91583.,-75575.,-0.63178E+06,0.0000,-0.22533E+06,-0.15016E+06,-0.30422E+06,-0.18227E+06,-44374.,-0.14646E+06,-0.20298E+06,-49414.
8309.400000000,-2525.0,-24108.,-5070.5,-37508.,-0.18771E+06,-17608.,-96139.,-81252.,-0.63345E+06,0.0000,-0.23112E+06,-0.15272E+06,-0.32127E+06,-0.20235E+06,-46209.,-0.15958E+06,-0.21419E+06,-52597.
8339.400000000,-2585.7,-24611.,-5204.1,-38733.,-0.19160E+06,-18003.,-96747.,-85023.,-0.61163E+06,0.0000,-0.22549E+06,-0.15553E+06,-0.32722E+06,-0.21187E+06,-46388.,-0.14956E+06,-0.20340E+06,-53809.
8370.400000000,-2553.2,-23388.,-5031.3,-37512.,-0.18419E+06,-17835.,-81461.,-77024.,-0.50737E+06,0.0000,-0.17901E+06,-0.10531E+06,-0.31329E+06,-0.19085E+06,-44315.,-99500.,-0.18108E+06,-51929.
8400.400000000,-2477.6,-22402.,-4778.2,-35826.,-0.17210E+06,-17365.,-71945.,-70505.,-0.44737E+06,0.0000,-0.15246E+06,-71324.,-0.28961E+06,-0.16268E+06,-42432.,-56714.,-0.14169E+06,-48520.
8431.400000000,-2405.9,-21610.,-4544.9,-34212.,-0.16170E+06,-16928.,-65112.,-65586.,-0.41435E+06,0.0000,-0.13847E+06,-55768.,-0.27164E+06,-0.13938E+06,-40730.,-40179.,-0.11845E+06,-45336.
8462.400000000,-2336.1,-20878.,-4330.2,-32695.,-0.15290E+06,-16526.,-59712.,-61448.,-0.39363E+06,0.0000,-0.12912E+06,-47864.,-0.25129E+06,-0.12167E+06,-39151.,-33142.,-0.10408E+06,-42535.
8490.400000000,-2275.4,-20251.,-4149.7,-31389.,-0.14597E+06,-16186.,-55915.,-58569.,-0.38002E+06,0.0000,-0.12271E+06,-43908.,-0.23496E+06,-0.10961E+06,-37803.,-29991.,-95182.,-40180.
8521.400000000,-2214.3,-19684.,-3971.8,-30022.,-0.13963E+06,-15834.,-54218.,-56340.,-0.37438E+06,0.0000,-0.12148E+06,-41073.,-0.22390E+06,-98839.,-36423.,-28225.,-88606.,-37864.
8551.400000000,-2254.3,-20226.,-4104.2,-30906.,-0.14510E+06,-16105.,-61117.,-59864.,-0.42631E+06,0.0000,-0.14063E+06,-70358.,-0.23350E+06,-0.11362E+06,-37683.,-51806.,-0.11372E+06,-38889.
8582.400000000,-2341.4,-21762.,-4468.1,-33261.,-0.15978E+06,-16830.,-73175.,-70398.,-0.53670E+06,-73.942,-0.18023E+06,-0.13508E+06,-0.25978E+06,-0.14307E+06,-40436.,-89488.,-0.15711E+06,-42503.
8612.400000000,-2474.0,-23374.,-4778.3,-35750.,-0.17386E+06,-17609.,-85372.,-78437.,-0.59550E+06,-209.23,-0.20988E+06,-0.16891E+06,-0.28556E+06,-0.16651E+06,-43878.,-0.11302E+06,-0.18338E+06,-47198.
8643.400000000,-2544.9,-24555.,-5019.8,-37298.,-0.18733E+06,-17972.,-96039.,-80521.,-0.63865E+06,-97.284,-0.23576E+06,-0.16512E+06,-0.30779E+06,-0.18821E+06,-48436.,-0.14899E+06,-0.19936E+06,-52700.
8674.400000000,-2635.2,-25549.,-5278.7,-39346.,-0.19589E+06,-18497.,-0.10006E+06,-86764.,-0.64095E+06,-73.334,-0.24004E+06,-0.17872E+06,-0.32538E+06,-0.21178E+06,-51417.,-0.16838E+06,-0.20676E+06,-56439.
8704.400000000,-2673.9,-25857.,-5350.9,-40090.,-0.19771E+06,-18757.,-99991.,-87615.,-0.61452E+06,0.0000,-0.23301E+06,-0.16184E+06,-0.32764E+06,-0.21537E+06,-51065.,-0.15267E+06,-0.19938E+06,-57406.
8735.400000000,-2709.4,-25449.,-5226.9,-39278.,-0.19117E+06,-18530.,-92162.,-82106.,-0.54222E+06,-6.6628,-0.20231E+06,-0.12073E+06,-0.32028E+06,-0.20001E+06,-49406.,-0.10962E+06,-0.18189E+06,-55735.
8765.400000000,-2630.3,-24382.,-4959.3,-37556.,-0.17907E+06,-18064.,-80916.,-73881.,-0.47376E+06,-143.08,-0.16979E+06,-78166.,-0.29325E+06,-0.17091E+06,-47272.,-60868.,-0.14207E+06,-52222.
8796.400000000,-2553.4,-23554.,-4717.3,-35899.,-0.16847E+06,-17623.,-73192.,-68503.,-0.43659E+06,-250.97,-0.15018E+06,-60920.,-0.27279E+06,-0.14657E+06,-45358.,-41910.,-0.11861E+06,-48876.
8827.400000000,-2478.6,-22771.,-4494.4,-34337.,-0.15938E+06,-17211.,-67069.,-64103.,-0.41291E+06,-324.03,-0.13880E+06,-51781.,-0.25688E+06,-0.12756E+06,-43598.,-34163.,-0.10426E+06,-45772.
8855.400000000,-2411.6,-22092.,-4307.4,-32992.,-0.15218E+06,-16860.,-62461.,-60691.,-0.39723E+06,-366.43,-0.13140E+06,-47133.,-0.24158E+06,-0.11477E+06,-42111.,-30584.,-95375.,-43148.
8886.400000000,-2339.8,-21373.,-4115.8,-31589.,-0.14516E+06,-16493.,-58577.,-57788.,-0.38414E+06,-389.38,-0.12491E+06,-43730.,-0.22684E+06,-0.10333E+06,-40564.,-28559.,-89128.,-40533.
8916.400000000,-2344.3,-20707.,-3974.7,-31735.,-0.13749E+06,-16233.,-54308.,-56074.,-0.36585E+06,-356.84,-0.11564E+06,-37292.,-0.23801E+06,-98100.,-40043.,-28953.,-0.11832E+06,-37996.
8947.400000000,-2480.9,-21834.,-4322.7,-33780.,-0.14993E+06,-16805.,-64643.,-65501.,-0.48395E+06,-481.82,-0.15397E+06,-99835.,-0.25862E+06,-0.12350E+06,-41937.,-65580.,-0.15181E+06,-40365.
8977.400000000,-2574.7,-23253.,-4628.0,-35496.,-0.16368E+06,-17432.,-76993.,-71664.,-0.56330E+06,-472.66,-0.19163E+06,-0.13601E+06,-0.28309E+06,-0.15179E+06,-44889.,-97418.,-0.17777E+06,-44042.
9008.400000000,-2644.0,-24492.,-4903.8,-37094.,-0.17967E+06,-17945.,-91339.,-74986.,-0.62412E+06,-343.19,-0.22179E+06,-0.14949E+06,-0.30464E+06,-0.17731E+06,-49077.,-0.13882E+06,-0.19951E+06,-49468.
9039.400000000,-2690.3,-25365.,-5165.9,-39024.,-0.19046E+06,-18209.,-97417.,-81853.,-0.62619E+06,-263.75,-0.22954E+06,-0.15896E+06,-0.32178E+06,-0.20081E+06,-51951.,-0.15842E+06,-0.20960E+06,-53509.
9069.400000000,-2722.6,-25624.,-5224.8,-39370.,-0.19280E+06,-18359.,-97810.,-82133.,-0.60346E+06,-101.60,-0.22367E+06,-0.14121E+06,-0.32646E+06,-0.20242E+06,-51694.,-0.14106E+06,-0.20267E+06,-55086.
9100.400000000,-2764.7,-25660.,-5186.4,-38559.,-0.18999E+06,-18172.,-93870.,-78539.,-0.55340E+06,-45.711,-0.20408E+06,-0.12050E+06,-0.31907E+06,-0.19777E+06,-50050.,-0.11460E+06,-0.18166E+06,-54651.
9130.400000000,-2685.6,-24534.,-4914.5,-36837.,-0.17790E+06,-17721.,-82128.,-71488.,-0.47661E+06,-189.61,-0.16880E+06,-77501.,-0.29455E+06,-0.16864E+06,-47876.,-62563.,-0.14197E+06,-51193.
9161.400000000,-2608.1,-23686.,-4672.1,-35189.,-0.16742E+06,-17294.,-73685.,-66473.,-0.43622E+06,-315.53,-0.14920E+06,-59674.,-0.28089E+06,-0.14439E+06,-45918.,-42129.,-0.11876E+06,-47926.
9192.400000000,-2533.3,-22898.,-4453.7,-33641.,-0.15849E+06,-16898.,-67163.,-62408.,-0.41190E+06,-402.50,-0.13778E+06,-50826.,-0.25934E+06,-0.12583E+06,-44148.,-34075.,-0.10452E+06,-44908.
9220.400000000,-2464.9,-22217.,-4268.2,-32309.,-0.15144E+06,-16560.,-62305.,-59223.,-0.39649E+06,-454.11,-0.13031E+06,-46145.,-0.24142E+06,-0.11329E+06,-42630.,-30465.,-95626.,-42360.
9251.400000000,-2392.6,-21511.,-4083.0,-30921.,-0.14471E+06,-16214.,-58390.,-57043.,-0.38490E+06,-485.01,-0.12423E+06,-43286.,-0.23298E+06,-0.10217E+06,-41041.,-28594.,-89339.,-39768.
9281.400000000,-2466.0,-21800.,-4134.8,-30964.,-0.14642E+06,-16501.,-62806.,-59067.,-0.44003E+06,-500.94,-0.14044E+06,-66587.,-0.23563E+06,-0.10907E+06,-40175.,-42943.,-0.11132E+06,-38397.
9312.400000000,-2612.6,-22992.,-4457.6,-33194.,-0.15942E+06,-17178.,-71117.,-68609.,-0.52345E+06,-585.09,-0.17260E+06,-0.12310E+06,-0.25886E+06,-0.13702E+06,-43155.,-79369.,-0.14665E+06,-41811.
9342.400000000,-2687.6,-24158.,-4708.9,-34938.,-0.17099E+06,-17751.,-81090.,-73612.,-0.56832E+06,-645.82,-0.19532E+06,-0.13897E+06,-0.27700E+06,-0.16449E+06,-46547.,-0.10713E+06,-0.16906E+06,-45592.
9373.400000000,-2758.1,-25132.,-4962.6,-36652.,-0.18346E+06,-18105.,-92927.,-76624.,-0.59770E+06,-565.44,-0.21881E+06,-0.15108E+06,-0.30110E+06,-0.18807E+06,-51549.,-0.14852E+06,-0.19868E+06,-51060.
9404.400000000,-2813.9,-26033.,-5218.6,-38356.,-0.19393E+06,-18437.,-99921.,-81242.,-0.60778E+06,-484.18,-0.23108E+06,-0.15524E+06,-0.32021E+06,-0.21044E+06,-55867.,-0.17132E+06,-0.21526E+06,-55633.
9434.400000000,-2862.4,-26485.,-5320.1,-39029.,-0.19811E+06,-18658.,-0.10127E+06,-82663.,-0.58229E+06,-370.11,-0.22706E+06,-0.14608E+06,-0.32988E+06,-0.21315E+06,-56265.,-0.15705E+06,-0.21637E+06,-58205.
9465.400000000,-2910.8,-26291.,-5271.5,-38597.,-0.19530E+06,-18648.,-93834.,-80411.,-0.54133E+06,-402.48,-0.20292E+06,-0.12772E+06,-0.32309E+06,-0.20392E+06,-54707.,-0.11874E+06,-0.19271E+06,-57528.
9495.400000000,-2829.2,-25149.,-4997.6,-36919.,-0.18292E+06,-18174.,-82277.,-72769.,-0.47543E+06,-511.11,-0.16873E+06,-80146.,-0.29559E+06,-0.17392E+06,-52353.,-64822.,-0.14838E+06,-53963.
9526.400000000,-2747.7,-24308.,-4751.2,-35301.,-0.17222E+06,-17725.,-74216.,-67557.,-0.43769E+06,-598.07,-0.14898E+06,-61260.,-0.27117E+06,-0.14888E+06,-50164.,-43237.,-0.12237E+06,-50564.
9557.400000000,-2668.7,-23512.,-4527.0,-33777.,-0.16301E+06,-17308.,-67890.,-63281.,-0.41421E+06,-653.47,-0.13823E+06,-51684.,-0.25558E+06,-0.12942E+06,-48149.,-34733.,-0.10662E+06,-47409.
9586.400000000,-2595.0,-22801.,-4333.9,-32418.,-0.15552E+06,-16941.,-63027.,-59921.,-0.39860E+06,-681.24,-0.13092E+06,-46915.,-0.23909E+06,-0.11574E+06,-46380.,-30777.,-96741.,-44653.
9617.400000000,-2525.2,-22107.,-4164.8,-31070.,-0.14882E+06,-16588.,-59282.,-57906.,-0.39142E+06,-672.26,-0.12606E+06,-45047.,-0.23119E+06,-0.10575E+06,-44661.,-30134.,-90105.,-42018.
9647.400000000,-2587.0,-22607.,-4233.4,-30415.,-0.15479E+06,-16800.,-65741.,-58157.,-0.46846E+06,-647.47,-0.15063E+06,-62717.,-0.23052E+06,-0.11536E+06,-45198.,-44740.,-0.11609E+06,-42632.
9678.400000000,-2682.3,-23769.,-4385.2,-30205.,-0.16629E+06,-17461.,-75621.,-60622.,-0.54031E+06,-734.59,-0.17953E+06,-0.10429E+06,-0.24020E+06,-0.13210E+06,-47996.,-64610.,-0.14687E+06,-45634.
9708.400000000,-2756.1,-24610.,-4676.0,-31924.,-0.18091E+06,-17949.,-87220.,-65367.,-0.59993E+06,-627.01,-0.21257E+06,-0.12650E+06,-0.26621E+06,-0.15536E+06,-52297.,-94962.,-0.18137E+06,-50440.
9739.400000000,-2816.1,-25474.,-4947.6,-33695.,-0.19376E+06,-18385.,-97021.,-69980.,-0.62026E+06,-450.50,-0.22942E+06,-0.14378E+06,-0.29139E+06,-0.17926E+06,-56848.,-0.13230E+06,-0.20289E+06,-55530.
9770.400000000,-2863.6,-26365.,-5211.8,-35824.,-0.20312E+06,-18688.,-0.10217E+06,-76708.,-0.61690E+06,-350.04,-0.23658E+06,-0.14685E+06,-0.30951E+06,-0.20616E+06,-60702.,-0.16240E+06,-0.21403E+06,-59683.
9800.400000000,-2901.0,-26699.,-5273.4,-36408.,-0.20503E+06,-18873.,-0.10157E+06,-78169.,-0.58160E+06,-206.45,-0.22753E+06,-0.13185E+06,-0.31445E+06,-0.20863E+06,-59857.,-0.14615E+06,-0.20641E+06,-60405.
9831.400000000,-2883.6,-26068.,-5158.2,-36417.,-0.19690E+06,-18746.,-91600.,-76057.,-0.51356E+06,-256.06,-0.19702E+06,-0.10401E+06,-0.30919E+06,-0.19264E+06,-58333.,-0.10349E+06,-0.18649E+06,-58333.
9861.400000000,-2804.7,-25038.,-4899.2,-34837.,-0.18460E+06,-18267.,-80759.,-69652.,-0.46113E+06,-405.75,-0.16801E+06,-70691.,-0.28546E+06,-0.16433E+06,-55846.,-57509.,-0.14412E+06,-54579.
9892.400000000,-2728.3,-24184.,-4660.8,-33314.,-0.17386E+06,-17814.,-73081.,-64660.,-0.43001E+06,-523.24,-0.14909E+06,-55313.,-0.26666E+06,-0.14107E+06,-53448.,-40005.,-0.11936E+06,-51141.
9923.400000000,-2655.3,-23399.,-4442.2,-31877.,-0.16460E+06,-17394.,-66901.,-60572.,-0.40985E+06,-580.10,-0.13834E+06,-47605.,-0.24695E+06,-0.12369E+06,-51259.,-32892.,-0.10422E+06,-47970.
9951.400000000,-2589.2,-22721.,-4258.5,-30640.,-0.15728E+06,-17036.,-62442.,-58154.,-0.39613E+06,-610.15,-0.13158E+06,-43685.,-0.23080E+06,-0.11159E+06,-49438.,-29762.,-94922.,-45289.
9982.400000000,-2515.8,-22011.,-4090.7,-29573.,-0.15028E+06,-16662.,-58758.,-56273.,-0.38594E+06,-623.39,-0.12693E+06,-41115.,-0.21769E+06,-0.10296E+06,-47550.,-29966.,-88233.,-42584.
10012.40000000,-2550.5,-22422.,-4274.5,-31354.,-0.15828E+06,-16952.,-64418.,-62007.,-0.46213E+06,-655.13,-0.15097E+06,-77857.,-0.23175E+06,-0.11973E+06,-48595.,-55975.,-0.11936E+06,-43996.
10043.40000000,-2639.3,-23795.,-4567.0,-33808.,-0.17136E+06,-17652.,-77425.,-69623.,-0.54544E+06,-312.82,-0.18626E+06,-0.11840E+06,-0.25589E+06,-0.14783E+06,-48743.,-92493.,-0.15668E+06,-46330.
10073.40000000,-2704.8,-24876.,-4785.0,-35445.,-0.18079E+06,-17977.,-90027.,-72432.,-0.58382E+06,0.0000,-0.21656E+06,-0.12476E+06,-0.28345E+06,-0.16788E+06,-49128.,-0.12317E+06,-0.19491E+06,-48879.
10104.40000000,-2738.9,-24778.,-4832.9,-36927.,-0.18122E+06,-17945.,-94827.,-71276.,-0.54638E+06,0.0000,-0.21290E+06,-0.10476E+06,-0.30810E+06,-0.18102E+06,-48680.,-0.14166E+06,-0.20863E+06,-50682.
10135.40000000,-2791.2,-25319.,-4979.1,-38138.,-0.18431E+06,-18135.,-99888.,-73670.,-0.55763E+06,0.0000,-0.22524E+06,-0.11597E+06,-0.32767E+06,-0.19703E+06,-48314.,-0.15573E+06,-0.22296E+06,-52111.
10165.40000000,-2810.5,-24836.,-5079.1,-38419.,-0.18775E+06,-18532.,-88784.,-76329.,-0.53184E+06,0.0000,-0.19995E+06,-0.13030E+06,-0.33610E+06,-0.19531E+06,-46350.,-0.13462E+06,-0.21450E+06,-52355.
10196.40000000,-2763.8,-23810.,-4834.5,-36865.,-0.17864E+06,-18146.,-77347.,-69500.,-0.45068E+06,0.0000,-0.15955E+06,-83533.,-0.31432E+06,-0.17098E+06,-44042.,-77473.,-0.18274E+06,-49470.
10226.40000000,-2686.5,-22986.,-4606.3,-35103.,-0.16719E+06,-17686.,-69509.,-64240.,-0.40727E+06,0.0000,-0.14020E+06,-59295.,-0.28954E+06,-0.14637E+06,-42111.,-47134.,-0.14266E+06,-46186.
10257.40000000,-2610.6,-22243.,-4392.4,-33433.,-0.15750E+06,-17252.,-63353.,-60030.,-0.38359E+06,0.0000,-0.13014E+06,-48062.,-0.26522E+06,-0.12718E+06,-40350.,-35535.,-0.11890E+06,-43169.
10288.40000000,-2536.4,-21544.,-4194.3,-31875.,-0.14937E+06,-16849.,-58394.,-57359.,-0.36799E+06,0.0000,-0.12278E+06,-42527.,-0.24589E+06,-0.11305E+06,-38736.,-30685.,-0.10421E+06,-40500.
10316.40000000,-2465.8,-20939.,-4026.9,-30542.,-0.14302E+06,-16504.,-55119.,-55324.,-0.35818E+06,0.0000,-0.11752E+06,-39610.,-0.23509E+06,-0.10248E+06,-37405.,-28541.,-95244.,-38293.
10347.40000000,-2389.7,-20310.,-3871.8,-29397.,-0.13707E+06,-16154.,-52090.,-53833.,-0.35147E+06,0.0000,-0.11503E+06,-38208.,-0.22658E+06,-94425.,-36054.,-28235.,-89184.,-36080.
10377.40000000,-2436.1,-20793.,-4065.1,-30642.,-0.14398E+06,-16544.,-57929.,-59337.,-0.43372E+06,0.0000,-0.13918E+06,-73993.,-0.23501E+06,-0.11082E+06,-36492.,-52866.,-0.11660E+06,-36957.
10408.40000000,-2515.6,-21904.,-4335.5,-32518.,-0.15759E+06,-16965.,-70117.,-65364.,-0.51924E+06,0.0000,-0.17483E+06,-0.10514E+06,-0.25765E+06,-0.13374E+06,-39725.,-85927.,-0.15462E+06,-40389.
10438.40000000,-2574.8,-22464.,-4526.5,-34095.,-0.16659E+06,-17397.,-80377.,-68562.,-0.55992E+06,0.0000,-0.19969E+06,-0.12330E+06,-0.28411E+06,-0.15636E+06,-41945.,-0.11754E+06,-0.19331E+06,-43765.
10469.40000000,-2617.3,-22532.,-4602.2,-35611.,-0.17098E+06,-17686.,-83405.,-67803.,-0.53615E+06,0.0000,-0.19572E+06,-0.11945E+06,-0.30978E+06,-0.16981E+06,-44263.,-0.13774E+06,-0.20807E+06,-47286.
10500.40000000,-2673.6,-23468.,-4803.0,-36719.,-0.17978E+06,-18083.,-90134.,-71559.,-0.55659E+06,0.0000,-0.21390E+06,-0.13112E+06,-0.33071E+06,-0.18389E+06,-45147.,-0.14885E+06,-0.22671E+06,-49723.
10530.40000000,-2728.9,-24142.,-4906.7,-36987.,-0.18593E+06,-18387.,-92848.,-74397.,-0.54919E+06,0.0000,-0.21466E+06,-0.13625E+06,-0.33893E+06,-0.18032E+06,-44472.,-0.12861E+06,-0.22423E+06,-51029.
10561.40000000,-2690.1,-22973.,-4697.1,-35506.,-0.17867E+06,-18223.,-78343.,-66647.,-0.44432E+06,0.0000,-0.16628E+06,-93331.,-0.32416E+06,-0.16295E+06,-42010.,-78201.,-0.20076E+06,-49299.
10591.40000000,-2605.1,-22143.,-4482.1,-33729.,-0.16652E+06,-17719.,-69123.,-61944.,-0.40070E+06,0.0000,-0.14443E+06,-61004.,-0.30034E+06,-0.13964E+06,-40125.,-46881.,-0.15311E+06,-45919.
10622.40000000,-2525.5,-21401.,-4275.6,-32076.,-0.15642E+06,-17256.,-62273.,-58804.,-0.37781E+06,0.0000,-0.13097E+06,-47393.,-0.28225E+06,-0.12182E+06,-38441.,-34993.,-0.12563E+06,-42907.
10653.40000000,-2450.0,-20722.,-4083.7,-30543.,-0.14804E+06,-16834.,-57333.,-56317.,-0.36378E+06,0.0000,-0.12302E+06,-40815.,-0.25976E+06,-0.10856E+06,-36908.,-30380.,-0.10900E+06,-40233.
10681.40000000,-2382.6,-20143.,-3919.8,-29236.,-0.14152E+06,-16477.,-53854.,-54302.,-0.35463E+06,0.0000,-0.11738E+06,-37703.,-0.24371E+06,-98686.,-35616.,-28286.,-98989.,-37995.
10712.40000000,-2312.8,-19539.,-3770.9,-27990.,-0.13559E+06,-16115.,-50705.,-52519.,-0.34886E+06,0.0000,-0.11556E+06,-35961.,-0.22783E+06,-92656.,-34304.,-29321.,-91830.,-35782.
10742.40000000,-2350.8,-19766.,-3992.5,-29099.,-0.14512E+06,-16320.,-57899.,-56398.,-0.43412E+06,0.0000,-0.14295E+06,-67072.,-0.24183E+06,-0.11242E+06,-35086.,-60876.,-0.13023E+06,-37246.
10773.40000000,-2465.7,-21131.,-4316.8,-30837.,-0.15812E+06,-16944.,-68624.,-63770.,-0.49763E+06,0.0000,-0.17083E+06,-0.11755E+06,-0.26809E+06,-0.13825E+06,-36080.,-97979.,-0.16931E+06,-39754.
10803.40000000,-2505.1,-21339.,-4475.7,-32504.,-0.16398E+06,-17163.,-74267.,-64162.,-0.51688E+06,0.0000,-0.18409E+06,-0.11513E+06,-0.29342E+06,-0.15695E+06,-38007.,-0.12840E+06,-0.20183E+06,-42439.
10834.40000000,-2593.6,-22266.,-4714.9,-34241.,-0.17317E+06,-17677.,-83864.,-68483.,-0.55966E+06,0.0000,-0.20815E+06,-0.13960E+06,-0.32026E+06,-0.17647E+06,-39870.,-0.15292E+06,-0.21973E+06,-45199.
10865.40000000,-2631.5,-22333.,-4832.4,-35402.,-0.17639E+06,-17865.,-86667.,-70332.,-0.54709E+06,0.0000,-0.20897E+06,-0.13428E+06,-0.33725E+06,-0.18822E+06,-40428.,-0.15559E+06,-0.22924E+06,-46714.
10895.40000000,-2676.9,-22624.,-4880.6,-35207.,-0.17859E+06,-18003.,-87179.,-70777.,-0.52215E+06,0.0000,-0.20286E+06,-0.12966E+06,-0.33800E+06,-0.18627E+06,-39503.,-0.13202E+06,-0.21681E+06,-46994.
10926.40000000,-2657.1,-21695.,-4737.3,-33864.,-0.17322E+06,-17945.,-73598.,-65144.,-0.44174E+06,0.0000,-0.16230E+06,-99175.,-0.32414E+06,-0.17151E+06,-38247.,-85995.,-0.19587E+06,-46019.
10956.40000000,-2574.1,-20938.,-4506.2,-32201.,-0.16176E+06,-17466.,-65268.,-61020.,-0.39829E+06,0.0000,-0.14048E+06,-63422.,-0.29964E+06,-0.14623E+06,-36587.,-50406.,-0.15086E+06,-43081.
10987.40000000,-2494.3,-20254.,-4291.3,-30639.,-0.15210E+06,-17021.,-58988.,-58011.,-0.37458E+06,0.0000,-0.12793E+06,-48425.,-0.28404E+06,-0.12665E+06,-35083.,-36469.,-0.12465E+06,-40343.
